GeneID,Symbol,Entry,Entry Name,Gene Name
345611,IRGM,A1A4Y4,IRGM_HUMAN,IRGM
345611,IRGM,A1A4Y4,IRGM_HUMAN,IFI1
345611,IRGM,A1A4Y4,IRGM_HUMAN,IRGM1
345611,IRGM,A1A4Y4,IRGM_HUMAN,LRG47
23240,TMEM131L,A2VDJ0,T131L_HUMAN,TMEM131L
23240,TMEM131L,A2VDJ0,T131L_HUMAN,KIAA0922
29062,WDR91,A4D1P6,WDR91_HUMAN,WDR91
29062,WDR91,A4D1P6,WDR91_HUMAN,HSPC049
441925,BECN2,A8MW95,BECN2_HUMAN,BECN2
441925,BECN2,A8MW95,BECN2_HUMAN,BECN1L1
441925,BECN2,A8MW95,BECN2_HUMAN,BECN1P1
1777,DNASE2,O00115,DNS2A_HUMAN,DNASE2
1777,DNASE2,O00115,DNS2A_HUMAN,DNASE2A
1777,DNASE2,O00115,DNS2A_HUMAN,DNL2
9179,AP4M1,O00189,AP4M1_HUMAN,AP4M1
9179,AP4M1,O00189,AP4M1_HUMAN,MUARP2
8546,AP3B1,O00203,AP3B1_HUMAN,AP3B1
8546,AP3B1,O00203,AP3B1_HUMAN,ADTB3A
7099,TLR4,O00206,TLR4_HUMAN,TLR4
406,BMAL1,O00327,BMAL1_HUMAN,BMAL1
406,BMAL1,O00327,BMAL1_HUMAN,ARNTL
406,BMAL1,O00327,BMAL1_HUMAN,BHLHE5
406,BMAL1,O00327,BMAL1_HUMAN,MOP3
406,BMAL1,O00327,BMAL1_HUMAN,PASD3
6819,SULT1C2,O00338,ST1C2_HUMAN,SULT1C2
6819,SULT1C2,O00338,ST1C2_HUMAN,SULT1C1
4126,MANBA,O00462,MANBA_HUMAN,MANBA
4126,MANBA,O00462,MANBA_HUMAN,MANB1
274,BIN1,O00499,BIN1_HUMAN,BIN1
274,BIN1,O00499,BIN1_HUMAN,AMPHL
8635,RNASET2,O00584,RNT2_HUMAN,RNASET2
8635,RNASET2,O00584,RNT2_HUMAN,RNASE6PL
10475,TRIM38,O00635,TRI38_HUMAN,TRIM38
10475,TRIM38,O00635,TRI38_HUMAN,RNF15
10475,TRIM38,O00635,TRI38_HUMAN,RORET
4125,MAN2B1,O00754,MA2B1_HUMAN,MAN2B1
4125,MAN2B1,O00754,MA2B1_HUMAN,LAMAN
4125,MAN2B1,O00754,MA2B1_HUMAN,MANB
8943,AP3D1,O14617,AP3D1_HUMAN,AP3D1
8943,AP3D1,O14617,AP3D1_HUMAN,PRO0039
5826,ABCD4,O14678,ABCD4_HUMAN,ABCD4
5826,ABCD4,O14678,ABCD4_HUMAN,PXMP1L
1200,TPP1,O14773,TPP1_HUMAN,TPP1
1200,TPP1,O14773,TPP1_HUMAN,CLN2
1200,TPP1,O14773,TPP1_HUMAN,GIG1
1200,TPP1,O14773,TPP1_HUMAN,UNQ267/PRO304
7782,SLC30A4,O14863,ZNT4_HUMAN,SLC30A4
7782,SLC30A4,O14863,ZNT4_HUMAN,ZNT4
9032,TM4SF5,O14894,T4S5_HUMAN,TM4SF5
9146,HGS,O14964,HGS_HUMAN,HGS
9146,HGS,O14964,HGS_HUMAN,HRS
2580,GAK,O14976,GAK_HUMAN,GAK
2580,GAK,O14976,GAK_HUMAN,DNAJC26
4864,NPC1,O15118,NPC1_HUMAN,NPC1
8992,ATP6V0E1,O15342,VA0E1_HUMAN,ATP6V0E1
8992,ATP6V0E1,O15342,VA0E1_HUMAN,ATP6H
8992,ATP6V0E1,O15342,VA0E1_HUMAN,ATP6V0E
8417,STX7,O15400,STX7_HUMAN,STX7
1318,SLC31A2,O15432,COPT2_HUMAN,SLC31A2
1318,SLC31A2,O15432,COPT2_HUMAN,COPT2
1318,SLC31A2,O15432,COPT2_HUMAN,CTR2
8399,PLA2G10,O15496,PA2GX_HUMAN,PLA2G10
9575,CLOCK,O15516,CLOCK_HUMAN,CLOCK
9575,CLOCK,O15516,CLOCK_HUMAN,BHLHE8
9575,CLOCK,O15516,CLOCK_HUMAN,KIAA0334
9907,AP5Z1,O43299,AP5Z1_HUMAN,AP5Z1
9907,AP5Z1,O43299,AP5Z1_HUMAN,KIAA0415
9907,AP5Z1,O43299,AP5Z1_HUMAN,SPG48
10542,LAMTOR5,O43504,LTOR5_HUMAN,LAMTOR5
10542,LAMTOR5,O43504,LTOR5_HUMAN,HBXIP
10542,LAMTOR5,O43504,LTOR5_HUMAN,XIP
11342,RNF13,O43567,RNF13_HUMAN,RNF13
11342,RNF13,O43567,RNF13_HUMAN,RZF
9066,SYT7,O43581,SYT7_HUMAN,SYT7
9066,SYT7,O43581,SYT7_HUMAN,PCANAP7
27243,CHMP2A,O43633,CHM2A_HUMAN,CHMP2A
27243,CHMP2A,O43633,CHM2A_HUMAN,BC2
27243,CHMP2A,O43633,CHM2A_HUMAN,CHMP2
164,AP1G1,O43747,AP1G1_HUMAN,AP1G1
164,AP1G1,O43747,AP1G1_HUMAN,ADTG
164,AP1G1,O43747,AP1G1_HUMAN,CLAPG1
8405,SPOP,O43791,SPOP_HUMAN,SPOP
8372,HYAL3,O43820,HYAL3_HUMAN,HYAL3
8372,HYAL3,O43820,HYAL3_HUMAN,LUCA3
57016,AKR1B10,O60218,AK1BA_HUMAN,AKR1B10
57016,AKR1B10,O60218,AK1BA_HUMAN,AKR1B11
5071,PRKN,O60260,PRKN_HUMAN,PRKN
5071,PRKN,O60260,PRKN_HUMAN,PARK2
9043,SPAG9,O60271,JIP4_HUMAN,SPAG9
9043,SPAG9,O60271,JIP4_HUMAN,HSS
9043,SPAG9,O60271,JIP4_HUMAN,KIAA0516
9043,SPAG9,O60271,JIP4_HUMAN,MAPK8IP4
9043,SPAG9,O60271,JIP4_HUMAN,SYD1
9043,SPAG9,O60271,JIP4_HUMAN,HLC6
23295,MGRN1,O60291,MGRN1_HUMAN,MGRN1
23295,MGRN1,O60291,MGRN1_HUMAN,KIAA0544
23295,MGRN1,O60291,MGRN1_HUMAN,RNF156
66008,TRAK2,O60296,TRAK2_HUMAN,TRAK2
66008,TRAK2,O60296,TRAK2_HUMAN,ALS2CR3
66008,TRAK2,O60296,TRAK2_HUMAN,KIAA0549
7107,GPR137B,O60478,G137B_HUMAN,GPR137B
7107,GPR137B,O60478,G137B_HUMAN,TM7SF1
8029,CUBN,O60494,CUBN_HUMAN,CUBN
8029,CUBN,O60494,CUBN_HUMAN,IFCR
10103,TSPAN1,O60635,TSN1_HUMAN,TSPAN1
9214,FCMR,O60667,FCMR_HUMAN,FCMR
9214,FCMR,O60667,FCMR_HUMAN,FAIM3
9214,FCMR,O60667,FCMR_HUMAN,TOSO
6643,SNX2,O60749,SNX2_HUMAN,SNX2
6643,SNX2,O60749,SNX2_HUMAN,TRG9
10043,TOM1,O60784,TOM1_HUMAN,TOM1
10266,RAMP2,O60895,RAMP2_HUMAN,RAMP2
10268,RAMP3,O60896,RAMP3_HUMAN,RAMP3
1515,CTSV,O60911,CATL2_HUMAN,CTSV
1515,CTSV,O60911,CATL2_HUMAN,CATL2
1515,CTSV,O60911,CATL2_HUMAN,CTSL2
1515,CTSV,O60911,CATL2_HUMAN,CTSU
1515,CTSV,O60911,CATL2_HUMAN,UNQ268/PRO305
1497,CTNS,O60931,CTNS_HUMAN,CTNS
4286,MITF,O75030,MITF_HUMAN,MITF
4286,MITF,O75030,MITF_HUMAN,BHLHE32
9829,DNAJC6,O75061,AUXI_HUMAN,DNAJC6
9829,DNAJC6,O75061,AUXI_HUMAN,KIAA0473
9475,ROCK2,O75116,ROCK2_HUMAN,ROCK2
9475,ROCK2,O75116,ROCK2_HUMAN,KIAA0619
9681,DEPDC5,O75140,DEPD5_HUMAN,DEPDC5
9681,DEPDC5,O75140,DEPD5_HUMAN,KIAA0645
219333,USP12,O75317,UBP12_HUMAN,USP12
219333,USP12,O75317,UBP12_HUMAN,UBH1
219333,USP12,O75317,UBP12_HUMAN,USP12L1
9550,ATP6V1G1,O75348,VATG1_HUMAN,ATP6V1G1
9550,ATP6V1G1,O75348,VATG1_HUMAN,ATP6G
9550,ATP6V1G1,O75348,VATG1_HUMAN,ATP6G1
9550,ATP6V1G1,O75348,VATG1_HUMAN,ATP6J
9525,VPS4B,O75351,VPS4B_HUMAN,VPS4B
9525,VPS4B,O75351,VPS4B_HUMAN,SKD1
9525,VPS4B,O75351,VPS4B_HUMAN,VPS42
9525,VPS4B,O75351,VPS4B_HUMAN,MIG1
8674,VAMP4,O75379,VAMP4_HUMAN,VAMP4
9559,VPS26A,O75436,VP26A_HUMAN,VPS26A
9559,VPS26A,O75436,VP26A_HUMAN,VPS26
1203,CLN5,O75503,CLN5_HUMAN,CLN5
1203,CLN5,O75503,CLN5_HUMAN,BMPS
10040,TOM1L1,O75674,TM1L1_HUMAN,TOM1L1
10040,TOM1L1,O75674,TM1L1_HUMAN,SRCASM
10159,ATP6AP2,O75787,RENR_HUMAN,ATP6AP2
10159,ATP6AP2,O75787,RENR_HUMAN,ATP6IP2
10159,ATP6AP2,O75787,RENR_HUMAN,CAPER
10159,ATP6AP2,O75787,RENR_HUMAN,ELDF10
10159,ATP6AP2,O75787,RENR_HUMAN,HT028
10159,ATP6AP2,O75787,RENR_HUMAN,MSTP009
10159,ATP6AP2,O75787,RENR_HUMAN,PSEC0072
8906,AP1G2,O75843,AP1G2_HUMAN,AP1G2
8530,CST7,O76096,CYTF_HUMAN,CST7
7226,TRPM2,O94759,TRPM2_HUMAN,TRPM2
7226,TRPM2,O94759,TRPM2_HUMAN,EREG1
7226,TRPM2,O94759,TRPM2_HUMAN,KNP3
7226,TRPM2,O94759,TRPM2_HUMAN,LTRPC2
7226,TRPM2,O94759,TRPM2_HUMAN,TRPC7
23120,ATP10B,O94823,AT10B_HUMAN,ATP10B
23120,ATP10B,O94823,AT10B_HUMAN,ATPVB
23120,ATP10B,O94823,AT10B_HUMAN,KIAA0715
9725,TMEM63A,O94886,CSCL1_HUMAN,TMEM63A
9725,TMEM63A,O94886,CSCL1_HUMAN,KIAA0489
9725,TMEM63A,O94886,CSCL1_HUMAN,KIAA0792
11337,GABARAP,O95166,GBRAP_HUMAN,GABARAP
11337,GABARAP,O95166,GBRAP_HUMAN,FLC3B
11337,GABARAP,O95166,GBRAP_HUMAN,HT004
23557,SNAPIN,O95295,SNAPN_HUMAN,SNAPIN
23557,SNAPIN,O95295,SNAPN_HUMAN,BLOC1S7
23557,SNAPIN,O95295,SNAPN_HUMAN,SNAP25BP
23557,SNAPIN,O95295,SNAPN_HUMAN,SNAPAP
25798,BRI3,O95415,BRI3_HUMAN,BRI3
19,ABCA1,O95477,ABCA1_HUMAN,ABCA1
19,ABCA1,O95477,ABCA1_HUMAN,ABC1
19,ABCA1,O95477,ABCA1_HUMAN,CERP
9342,SNAP29,O95721,SNP29_HUMAN,SNAP29
8915,BCL10,O95999,BCL10_HUMAN,BCL10
8915,BCL10,O95999,BCL10_HUMAN,CIPER
8915,BCL10,O95999,BCL10_HUMAN,CLAP
9476,NAPSA,O96009,NAPSA_HUMAN,NAPSA
9476,NAPSA,O96009,NAPSA_HUMAN,NAP1
9476,NAPSA,O96009,NAPSA_HUMAN,NAPA
100,ADA,P00813,ADA_HUMAN,ADA
100,ADA,P00813,ADA_HUMAN,ADA1
3949,LDLR,P01130,LDLR_HUMAN,LDLR
3553,IL1B,P01584,IL1B_HUMAN,IL1B
3553,IL1B,P01584,IL1B_HUMAN,IL1F2
3122,HLA-DRA,P01903,DRA_HUMAN,HLA-DRA
3122,HLA-DRA,P01903,DRA_HUMAN,HLA-DRA1
3118,HLA-DQA2,P01906,DQA2_HUMAN,HLA-DQA2
3118,HLA-DQA2,P01906,DQA2_HUMAN,HLA-DXA
3117,HLA-DQA1,P01909,DQA1_HUMAN,HLA-DQA1
3123,HLA-DRB1,P01911,DRB1_HUMAN,HLA-DRB1
3119,HLA-DQB1,P01920,DQB1_HUMAN,HLA-DQB1
3119,HLA-DQB1,P01920,DQB1_HUMAN,HLA-DQB
1410,CRYAB,P02511,CRYAB_HUMAN,CRYAB
1410,CRYAB,P02511,CRYAB_HUMAN,CRYA2
1410,CRYAB,P02511,CRYAB_HUMAN,HSPB5
2512,FTL,P02792,FRIL_HUMAN,FTL
2495,FTH1,P02794,FRIH_HUMAN,FTH1
2495,FTH1,P02794,FRIH_HUMAN,FTH
2495,FTH1,P02794,FRIH_HUMAN,FTHL6
2495,FTH1,P02794,FRIH_HUMAN,OK/SW-cl.84
2495,FTH1,P02794,FRIH_HUMAN,PIG15
2629,GBA1,P04062,GBA1_HUMAN,GBA1
2629,GBA1,P04062,GBA1_HUMAN,GBA
2629,GBA1,P04062,GBA1_HUMAN,GC
2629,GBA1,P04062,GBA1_HUMAN,GLUC
2517,FUCA1,P04066,FUCO_HUMAN,FUCA1
2517,FUCA1,P04066,FUCO_HUMAN,Nbla10230
972,CD74,P04233,HG2A_HUMAN,CD74
972,CD74,P04233,HG2A_HUMAN,DHLAG
3115,HLA-DPB1,P04440,DPB1_HUMAN,HLA-DPB1
3115,HLA-DPB1,P04440,DPB1_HUMAN,HLA-DP1B
6184,RPN1,P04843,RPN1_HUMAN,RPN1
351,APP,P05067,A4_HUMAN,APP
351,APP,P05067,A4_HUMAN,A4
351,APP,P05067,A4_HUMAN,AD1
4353,MPO,P05164,PERM_HUMAN,MPO
3120,HLA-DQB2,P05538,DQB2_HUMAN,HLA-DQB2
3120,HLA-DQB2,P05538,DQB2_HUMAN,HLA-DXB
3643,INSR,P06213,INSR_HUMAN,INSR
2717,GLA,P06280,AGAL_HUMAN,GLA
3111,HLA-DOA,P06340,DOA_HUMAN,HLA-DOA
3111,HLA-DOA,P06340,DOA_HUMAN,HLA-DNA
3111,HLA-DOA,P06340,DOA_HUMAN,HLA-DZA
3073,HEXA,P06865,HEXA_HUMAN,HEXA
1509,CTSD,P07339,CATD_HUMAN,CTSD
1509,CTSD,P07339,CATD_HUMAN,CPSD
823,CAPN1,P07384,CAN1_HUMAN,CAPN1
823,CAPN1,P07384,CAN1_HUMAN,CANPL1
823,CAPN1,P07384,CAN1_HUMAN,PIG30
154,ADRB2,P07550,ADRB2_HUMAN,ADRB2
154,ADRB2,P07550,ADRB2_HUMAN,ADRB2R
154,ADRB2,P07550,ADRB2_HUMAN,B2AR
5660,PSAP,P07602,SAP_HUMAN,PSAP
5660,PSAP,P07602,SAP_HUMAN,GLBA
5660,PSAP,P07602,SAP_HUMAN,SAP1
3074,HEXB,P07686,HEXB_HUMAN,HEXB
3074,HEXB,P07686,HEXB_HUMAN,HCC7
1514,CTSL,P07711,CATL1_HUMAN,CTSL
1514,CTSL,P07711,CATL1_HUMAN,CTSL1
1508,CTSB,P07858,CATB_HUMAN,CTSB
1508,CTSB,P07858,CATB_HUMAN,CPSB
6439,SFTPB,P07988,PSPB_HUMAN,SFTPB
6439,SFTPB,P07988,PSPB_HUMAN,SFTP3
6520,SLC3A2,P08195,4F2_HUMAN,SLC3A2
6520,SLC3A2,P08195,4F2_HUMAN,MDU1
2990,GUSB,P08236,BGLR_HUMAN,GUSB
1511,CTSG,P08311,CATG_HUMAN,CTSG
3055,HCK,P08631,HCK_HUMAN,HCK
412,STS,P08842,STS_HUMAN,STS
412,STS,P08842,STS_HUMAN,ARSC1
967,CD63,P08962,CD63_HUMAN,CD63
967,CD63,P08962,CD63_HUMAN,MLA1
967,CD63,P08962,CD63_HUMAN,TSPAN30
1211,CLTA,P09496,CLCA_HUMAN,CLTA
1212,CLTB,P09497,CLCB_HUMAN,CLTB
5159,PDGFRB,P09619,PGFRB_HUMAN,PDGFRB
5159,PDGFRB,P09619,PGFRB_HUMAN,PDGFR
5159,PDGFRB,P09619,PGFRB_HUMAN,PDGFR1
1512,CTSH,P09668,CATH_HUMAN,CTSH
1512,CTSH,P09668,CATH_HUMAN,CPSB
7345,UCHL1,P09936,UCHL1_HUMAN,UCHL1
5045,FURIN,P09958,FURIN_HUMAN,FURIN
5045,FURIN,P09958,FURIN_HUMAN,FUR
5045,FURIN,P09958,FURIN_HUMAN,PACE
5045,FURIN,P09958,FURIN_HUMAN,PCSK3
801;805;808,CALM1,P0DP23,CALM1_HUMAN,CALM1
801;805;808,CALM1,P0DP23,CALM1_HUMAN,CALM
801;805;808,CALM1,P0DP23,CALM1_HUMAN,CAM
801;805;808,CALM1,P0DP23,CALM1_HUMAN,CAM1
801;805;808,CALM2,P0DP24,CALM2_HUMAN,CALM2
801;805;808,CALM2,P0DP24,CALM2_HUMAN,CAM2
801;805;808,CALM2,P0DP24,CALM2_HUMAN,CAMB
801;805;808,CALM3,P0DP25,CALM3_HUMAN,CALM3
801;805;808,CALM3,P0DP25,CALM3_HUMAN,CALML2
801;805;808,CALM3,P0DP25,CALM3_HUMAN,CAM3
801;805;808,CALM3,P0DP25,CALM3_HUMAN,CAMC
801;805;808,CALM3,P0DP25,CALM3_HUMAN,CAMIII
5552,SRGN,P10124,SRGN_HUMAN,SRGN
5552,SRGN,P10124,SRGN_HUMAN,PRG
5552,SRGN,P10124,SRGN_HUMAN,PRG1
3002,GZMB,P10144,GRAB_HUMAN,GZMB
3002,GZMB,P10144,GRAB_HUMAN,CGL1
3002,GZMB,P10144,GRAB_HUMAN,CSPB
3002,GZMB,P10144,GRAB_HUMAN,CTLA1
3002,GZMB,P10144,GRAB_HUMAN,GRB
6036,RNASE2,P10153,RNAS2_HUMAN,RNASE2
6036,RNASE2,P10153,RNAS2_HUMAN,EDN
6036,RNASE2,P10153,RNAS2_HUMAN,RNS2
2548,GAA,P10253,LYAG_HUMAN,GAA
5476,CTSA,P10619,PPGB_HUMAN,CTSA
5476,CTSA,P10619,PPGB_HUMAN,PPGB
1191,CLU,P10909,CLUS_HUMAN,CLU
1191,CLU,P10909,CLUS_HUMAN,APOJ
1191,CLU,P10909,CLUS_HUMAN,CLI
1191,CLU,P10909,CLUS_HUMAN,KUB1
1191,CLU,P10909,CLUS_HUMAN,AAG4
53,ACP2,P11117,PPAL_HUMAN,ACP2
3312,HSPA8,P11142,HSP7C_HUMAN,HSPA8
3312,HSPA8,P11142,HSP7C_HUMAN,HSC70
3312,HSPA8,P11142,HSP7C_HUMAN,HSP73
3312,HSPA8,P11142,HSP7C_HUMAN,HSPA10
3684,ITGAM,P11215,ITAM_HUMAN,ITGAM
3684,ITGAM,P11215,ITAM_HUMAN,CD11B
3684,ITGAM,P11215,ITAM_HUMAN,CR3A
3916,LAMP1,P11279,LAMP1_HUMAN,LAMP1
3482,IGF2R,P11717,MPRI_HUMAN,IGF2R
3482,IGF2R,P11717,MPRI_HUMAN,MPRI
1636,ACE,P12821,ACE_HUMAN,ACE
1636,ACE,P12821,ACE_HUMAN,DCP
1636,ACE,P12821,ACE_HUMAN,DCP1
6714,SRC,P12931,SRC_HUMAN,SRC
6714,SRC,P12931,SRC_HUMAN,SRC1
8519,IFITM1,P13164,IFM1_HUMAN,IFITM1
8519,IFITM1,P13164,IFM1_HUMAN,CD225
8519,IFITM1,P13164,IFM1_HUMAN,IFI17
10437,IFI30,P13284,GILT_HUMAN,IFI30
10437,IFI30,P13284,GILT_HUMAN,GILT
10437,IFI30,P13284,GILT_HUMAN,IP30
3920,LAMP2,P13473,LAMP2_HUMAN,LAMP2
1080,CFTR,P13569,CFTR_HUMAN,CFTR
1080,CFTR,P13569,CFTR_HUMAN,ABCC7
54,ACP5,P13686,PPA5_HUMAN,ACP5
634,CEACAM1,P13688,CEAM1_HUMAN,CEACAM1
634,CEACAM1,P13688,CEAM1_HUMAN,BGP
634,CEACAM1,P13688,CEAM1_HUMAN,BGP1
3126,HLA-DRB4,P13762,DRB4_HUMAN,HLA-DRB4
3112,HLA-DOB,P13765,DOB_HUMAN,HLA-DOB
3292,HSD17B1,P14061,DHB1_HUMAN,HSD17B1
3292,HSD17B1,P14061,DHB1_HUMAN,E17KSR
3292,HSD17B1,P14061,DHB1_HUMAN,EDH17B1
3292,HSD17B1,P14061,DHB1_HUMAN,EDH17B2
3292,HSD17B1,P14061,DHB1_HUMAN,EDHB17
3292,HSD17B1,P14061,DHB1_HUMAN,SDR28C1
5551,PRF1,P14222,PERF_HUMAN,PRF1
5551,PRF1,P14222,PERF_HUMAN,PFP
7299,TYR,P14679,TYRO_HUMAN,TYR
3459,IFNGR1,P15260,INGR1_HUMAN,IFNGR1
410,ARSA,P15289,ARSA_HUMAN,ARSA
55,ACP3,P15309,PPAP_HUMAN,ACP3
55,ACP3,P15309,PPAP_HUMAN,ACPP
3753,KCNE1,P15382,KCNE1_HUMAN,KCNE1
2799,GNS,P15586,GNS_HUMAN,GNS
913,CD1E,P15812,CD1E_HUMAN,CD1E
912,CD1D,P15813,CD1D_HUMAN,CD1D
411,ARSB,P15848,ARSB_HUMAN,ARSB
2720,GLB1,P16278,BGAL_HUMAN,GLB1
2720,GLB1,P16278,BGAL_HUMAN,ELNR1
5532,PPP3CB,P16298,PP2BB_HUMAN,PPP3CB
5532,PPP3CB,P16298,PP2BB_HUMAN,CALNA2
5532,PPP3CB,P16298,PP2BB_HUMAN,CALNB
5532,PPP3CB,P16298,PP2BB_HUMAN,CNA2
4668,NAGA,P17050,NAGAB_HUMAN,NAGA
3454,IFNAR1,P17181,INAR1_HUMAN,IFNAR1
3454,IFNAR1,P17181,INAR1_HUMAN,IFNAR
6609,SMPD1,P17405,ASM_HUMAN,SMPD1
6609,SMPD1,P17405,ASM_HUMAN,ASM
824,CAPN2,P17655,CAN2_HUMAN,CAPN2
824,CAPN2,P17655,CAN2_HUMAN,CANPL2
2760,GM2A,P17900,SAP3_HUMAN,GM2A
7942,TFEB,P19484,TFEB_HUMAN,TFEB
7942,TFEB,P19484,TFEB_HUMAN,BHLHE35
7030,TFE3,P19532,TFE3_HUMAN,TFE3
7030,TFE3,P19532,TFE3_HUMAN,BHLHE33
3113,HLA-DPA1,P20036,DPA1_HUMAN,HLA-DPA1
3113,HLA-DPA1,P20036,DPA1_HUMAN,HLA-DP1A
3113,HLA-DPA1,P20036,DPA1_HUMAN,HLASB
5864,RAB3A,P20336,RAB3A_HUMAN,RAB3A
9572,NR1D1,P20393,NR1D1_HUMAN,NR1D1
9572,NR1D1,P20393,NR1D1_HUMAN,EAR1
9572,NR1D1,P20393,NR1D1_HUMAN,HREV
9572,NR1D1,P20393,NR1D1_HUMAN,THRAL
4074,M6PR,P20645,MPRD_HUMAN,M6PR
4074,M6PR,P20645,MPRD_HUMAN,MPR46
4074,M6PR,P20645,MPRD_HUMAN,MPRD
2999,GZMH,P20718,GRAH_HUMAN,GZMH
2999,GZMH,P20718,GRAH_HUMAN,CGL2
2999,GZMH,P20718,GRAH_HUMAN,CTSGL2
175,AGA,P20933,ASPG_HUMAN,AGA
526,ATP6V1B2,P21281,VATB2_HUMAN,ATP6V1B2
526,ATP6V1B2,P21281,VATB2_HUMAN,ATP6B2
526,ATP6V1B2,P21281,VATB2_HUMAN,VPP3
528,ATP6V1C1,P21283,VATC1_HUMAN,ATP6V1C1
528,ATP6V1C1,P21283,VATC1_HUMAN,ATP6C
528,ATP6V1C1,P21283,VATC1_HUMAN,ATP6D
528,ATP6V1C1,P21283,VATC1_HUMAN,VATC
7128,TNFAIP3,P21580,TNAP3_HUMAN,TNFAIP3
7128,TNFAIP3,P21580,TNAP3_HUMAN,OTUD7C
3423,IDS,P22304,IDS_HUMAN,IDS
3423,IDS,P22304,IDS_HUMAN,SIDS
3973,LHCGR,P22888,LSHR_HUMAN,LHCGR
3973,LHCGR,P22888,LSHR_HUMAN,LCGR
3973,LHCGR,P22888,LSHR_HUMAN,LGR2
3973,LHCGR,P22888,LSHR_HUMAN,LHRHR
1393,CRHBP,P24387,CRHBP_HUMAN,CRHBP
1393,CRHBP,P24387,CRHBP_HUMAN,CRFBP
1520,CTSS,P25774,CATS_HUMAN,CTSS
5595,MAPK3,P27361,MK03_HUMAN,MAPK3
5595,MAPK3,P27361,MK03_HUMAN,ERK1
5595,MAPK3,P27361,MK03_HUMAN,PRKM3
527,ATP6V0C,P27449,VATL_HUMAN,ATP6V0C
527,ATP6V0C,P27449,VATL_HUMAN,ATP6C
527,ATP6V0C,P27449,VATL_HUMAN,ATP6L
527,ATP6V0C,P27449,VATL_HUMAN,ATPL
811,CALR,P27797,CALR_HUMAN,CALR
811,CALR,P27797,CALR_HUMAN,CRTC
3108,HLA-DMA,P28067,DMA_HUMAN,HLA-DMA
3108,HLA-DMA,P28067,DMA_HUMAN,DMA
3108,HLA-DMA,P28067,DMA_HUMAN,RING6
3109,HLA-DMB,P28068,DMB_HUMAN,HLA-DMB
3109,HLA-DMB,P28068,DMB_HUMAN,DMB
3109,HLA-DMB,P28068,DMB_HUMAN,RING7
5594,MAPK1,P28482,MK01_HUMAN,MAPK1
5594,MAPK1,P28482,MK01_HUMAN,ERK2
5594,MAPK1,P28482,MK01_HUMAN,PRKM1
5594,MAPK1,P28482,MK01_HUMAN,PRKM2
2896,GRN,P28799,GRN_HUMAN,GRN
947,CD34,P28906,CD34_HUMAN,CD34
910,CD1B,P29016,CD1B_HUMAN,CD1B
911,CD1C,P29017,CD1C_HUMAN,CD1C
9588,PRDX6,P30041,PRDX6_HUMAN,PRDX6
9588,PRDX6,P30041,PRDX6_HUMAN,AOP2
9588,PRDX6,P30041,PRDX6_HUMAN,KIAA0106
3134,HLA-F,P30511,HLAF_HUMAN,HLA-F
3134,HLA-F,P30511,HLAF_HUMAN,HLA-5.4
3134,HLA-F,P30511,HLAF_HUMAN,HLAF
1992,SERPINB1,P30740,ILEU_HUMAN,SERPINB1
1992,SERPINB1,P30740,ILEU_HUMAN,ELANH2
1992,SERPINB1,P30740,ILEU_HUMAN,MNEI
1992,SERPINB1,P30740,ILEU_HUMAN,PI2
207,AKT1,P31749,AKT1_HUMAN,AKT1
207,AKT1,P31749,AKT1_HUMAN,PKB
207,AKT1,P31749,AKT1_HUMAN,RAC
3799,KIF5B,P33176,KINH_HUMAN,KIF5B
3799,KIF5B,P33176,KINH_HUMAN,KNS
3799,KIF5B,P33176,KINH_HUMAN,KNS1
4363,ABCC1,P33527,MRP1_HUMAN,ABCC1
4363,ABCC1,P33527,MRP1_HUMAN,MRP
4363,ABCC1,P33527,MRP1_HUMAN,MRP1
215,ABCD1,P33897,ABCD1_HUMAN,ABCD1
215,ABCD1,P33897,ABCD1_HUMAN,ALD
2588,GALNS,P34059,GALNS_HUMAN,GALNS
968,CD68,P34810,CD68_HUMAN,CD68
9098,USP6,P35125,UBP6_HUMAN,USP6
9098,USP6,P35125,UBP6_HUMAN,HRP1
9098,USP6,P35125,UBP6_HUMAN,TRE2
6441,SFTPD,P35247,SFTPD_HUMAN,SFTPD
6441,SFTPD,P35247,SFTPD_HUMAN,COLEC7
6441,SFTPD,P35247,SFTPD_HUMAN,PSPD
6441,SFTPD,P35247,SFTPD_HUMAN,SFTP4
3425,IDUA,P35475,IDUA_HUMAN,IDUA
4627,MYH9,P35579,MYH9_HUMAN,MYH9
373,TRIM23,P36406,TRI23_HUMAN,TRIM23
373,TRIM23,P36406,TRI23_HUMAN,ARD1
373,TRIM23,P36406,TRI23_HUMAN,ARFD1
373,TRIM23,P36406,TRI23_HUMAN,RNF46
529,ATP6V1E1,P36543,VATE1_HUMAN,ATP6V1E1
529,ATP6V1E1,P36543,VATE1_HUMAN,ATP6E
529,ATP6V1E1,P36543,VATE1_HUMAN,ATP6E2
6622,SNCA,P37840,SYUA_HUMAN,SNCA
6622,SNCA,P37840,SYUA_HUMAN,NACP
6622,SNCA,P37840,SYUA_HUMAN,PARK1
3988,LIPA,P38571,LICH_HUMAN,LIPA
523,ATP6V1A,P38606,VATA_HUMAN,ATP6V1A
523,ATP6V1A,P38606,VATA_HUMAN,ATP6A1
523,ATP6V1A,P38606,VATA_HUMAN,ATP6V1A1
523,ATP6V1A,P38606,VATA_HUMAN,VPP2
5322,PLA2G5,P39877,PA2G5_HUMAN,PLA2G5
899,CCNF,P41002,CCNF_HUMAN,CCNF
899,CCNF,P41002,CCNF_HUMAN,FBX1
899,CCNF,P41002,CCNF_HUMAN,FBXO1
5584,PRKCI,P41743,KPCI_HUMAN,PRKCI
5584,PRKCI,P41743,KPCI_HUMAN,DXS1179E
2475,MTOR,P42345,MTOR_HUMAN,MTOR
2475,MTOR,P42345,MTOR_HUMAN,FRAP
2475,MTOR,P42345,MTOR_HUMAN,FRAP1
2475,MTOR,P42345,MTOR_HUMAN,FRAP2
2475,MTOR,P42345,MTOR_HUMAN,RAFT1
2475,MTOR,P42345,MTOR_HUMAN,RAPT1
5547,PRCP,P42785,PCP_HUMAN,PRCP
5547,PRCP,P42785,PCP_HUMAN,PCP
27065,NSG1,P42857,NSG1_HUMAN,NSG1
27065,NSG1,P42857,NSG1_HUMAN,D4S234
27065,NSG1,P42857,NSG1_HUMAN,NEEP21
1519,CTSO,P43234,CATO_HUMAN,CTSO
1519,CTSO,P43234,CATO_HUMAN,CTSO1
1513,CTSK,P43235,CATK_HUMAN,CTSK
1513,CTSK,P43235,CATK_HUMAN,CTSO
1513,CTSK,P43235,CATK_HUMAN,CTSO2
6850,SYK,P43405,KSYK_HUMAN,SYK
8078,USP5,P45974,UBP5_HUMAN,USP5
8078,USP5,P45974,UBP5_HUMAN,ISOT
1027,CDKN1B,P46527,CDN1B_HUMAN,CDKN1B
1027,CDKN1B,P46527,CDN1B_HUMAN,KIP1
1027,CDKN1B,P46527,CDN1B_HUMAN,p27
4734,NEDD4,P46934,NEDD4_HUMAN,NEDD4
4734,NEDD4,P46934,NEDD4_HUMAN,KIAA0093
4734,NEDD4,P46934,NEDD4_HUMAN,NEDD4-1
4734,NEDD4,P46934,NEDD4_HUMAN,RPF1
4734,NEDD4,P46934,NEDD4_HUMAN,PIG53
356,FASLG,P48023,TNFL6_HUMAN,FASLG
356,FASLG,P48023,TNFL6_HUMAN,APT1LG1
356,FASLG,P48023,TNFL6_HUMAN,CD95L
356,FASLG,P48023,TNFL6_HUMAN,FASL
356,FASLG,P48023,TNFL6_HUMAN,TNFSF6
5305,PIP4K2A,P48426,PI42A_HUMAN,PIP4K2A
5305,PIP4K2A,P48426,PI42A_HUMAN,PI5P4KA
5305,PIP4K2A,P48426,PI42A_HUMAN,PIP5K2
5305,PIP4K2A,P48426,PI42A_HUMAN,PIP5K2A
6556,SLC11A1,P49279,NRAM1_HUMAN,SLC11A1
6556,SLC11A1,P49279,NRAM1_HUMAN,LSH
6556,SLC11A1,P49279,NRAM1_HUMAN,NRAMP
6556,SLC11A1,P49279,NRAM1_HUMAN,NRAMP1
4891,SLC11A2,P49281,NRAM2_HUMAN,SLC11A2
4891,SLC11A2,P49281,NRAM2_HUMAN,DCT1
4891,SLC11A2,P49281,NRAM2_HUMAN,DMT1
4891,SLC11A2,P49281,NRAM2_HUMAN,NRAMP2
4891,SLC11A2,P49281,NRAM2_HUMAN,OK/SW-cl.20
408,ARRB1,P49407,ARRB1_HUMAN,ARRB1
408,ARRB1,P49407,ARRB1_HUMAN,ARR1
7319,UBE2A,P49459,UBE2A_HUMAN,UBE2A
7319,UBE2A,P49459,UBE2A_HUMAN,RAD6A
27072,VPS41,P49754,VPS41_HUMAN,VPS41
7249,TSC2,P49815,TSC2_HUMAN,TSC2
7249,TSC2,P49815,TSC2_HUMAN,TSC4
1785,DNM2,P50570,DYN2_HUMAN,DNM2
1785,DNM2,P50570,DYN2_HUMAN,DYN2
987,LRBA,P50851,LRBA_HUMAN,LRBA
987,LRBA,P50851,LRBA_HUMAN,BGL
987,LRBA,P50851,LRBA_HUMAN,CDC4L
987,LRBA,P50851,LRBA_HUMAN,LBA
5538,PPT1,P50897,PPT1_HUMAN,PPT1
5538,PPT1,P50897,PPT1_HUMAN,CLN1
5538,PPT1,P50897,PPT1_HUMAN,PPT
7879,RAB7A,P51149,RAB7A_HUMAN,RAB7A
7879,RAB7A,P51149,RAB7A_HUMAN,RAB7
9367,RAB9A,P51151,RAB9A_HUMAN,RAB9A
9367,RAB9A,P51151,RAB9A_HUMAN,RAB9
5873,RAB27A,P51159,RB27A_HUMAN,RAB27A
5873,RAB27A,P51159,RB27A_HUMAN,RAB27
6448,SGSH,P51688,SPHM_HUMAN,SGSH
6448,SGSH,P51688,SPHM_HUMAN,HSS
3784,KCNQ1,P51787,KCNQ1_HUMAN,KCNQ1
3784,KCNQ1,P51787,KCNQ1_HUMAN,KCNA8
3784,KCNQ1,P51787,KCNQ1_HUMAN,KCNA9
3784,KCNQ1,P51787,KCNQ1_HUMAN,KVLQT1
1182,CLCN3,P51790,CLCN3_HUMAN,CLCN3
1183,CLCN4,P51793,CLCN4_HUMAN,CLCN4
1186,CLCN7,P51798,CLCN7_HUMAN,CLCN7
6845,VAMP7,P51809,VAMP7_HUMAN,VAMP7
6845,VAMP7,P51809,VAMP7_HUMAN,SYBL1
4935,GPR143,P51810,GP143_HUMAN,GPR143
4935,GPR143,P51810,GP143_HUMAN,OA1
1075,CTSC,P53634,CATC_HUMAN,CTSC
1075,CTSC,P53634,CATC_HUMAN,CPPI
11145,PLAAT3,P53816,PLAT3_HUMAN,PLAAT3
11145,PLAAT3,P53816,PLAT3_HUMAN,HRASLS3
11145,PLAAT3,P53816,PLAT3_HUMAN,HREV107
11145,PLAAT3,P53816,PLAT3_HUMAN,PLA2G16
4287,ATXN3,P54252,ATX3_HUMAN,ATXN3
4287,ATXN3,P54252,ATX3_HUMAN,ATX3
4287,ATXN3,P54252,ATX3_HUMAN,MJD
4287,ATXN3,P54252,ATX3_HUMAN,MJD1
4287,ATXN3,P54252,ATX3_HUMAN,SCA3
9001,HAP1,P54257,HAP1_HUMAN,HAP1
9001,HAP1,P54257,HAP1_HUMAN,HAP2
9001,HAP1,P54257,HAP1_HUMAN,HLP1
4669,NAGLU,P54802,ANAG_HUMAN,NAGLU
4669,NAGLU,P54802,ANAG_HUMAN,UFHSD1
2581,GALC,P54803,GALC_HUMAN,GALC
7415,VCP,P55072,TERA_HUMAN,VCP
7415,VCP,P55072,TERA_HUMAN,HEL-220
7415,VCP,P55072,TERA_HUMAN,HEL-S-70
6396,SEC13,P55735,SEC13_HUMAN,SEC13
6396,SEC13,P55735,SEC13_HUMAN,D3S1231E
6396,SEC13,P55735,SEC13_HUMAN,SEC13A
6396,SEC13,P55735,SEC13_HUMAN,SEC13L1
6396,SEC13,P55735,SEC13_HUMAN,SEC13R
1521,CTSW,P56202,CATW_HUMAN,CTSW
8905,AP1S2,P56377,AP1S2_HUMAN,AP1S2
8905,AP1S2,P56377,AP1S2_HUMAN,DC22
23621,BACE1,P56817,BACE1_HUMAN,BACE1
23621,BACE1,P56817,BACE1_HUMAN,BACE
23621,BACE1,P56817,BACE1_HUMAN,KIAA1149
55014,STX17,P56962,STX17_HUMAN,STX17
23682,RAB38,P57729,RAB38_HUMAN,RAB38
64089,SNX16,P57768,SNX16_HUMAN,SNX16
100127206,MINAR2,P59773,MNARL_HUMAN,MINAR2
100127206,MINAR2,P59773,MNARL_HUMAN,KIAA1024L
975,CD81,P60033,CD81_HUMAN,CD81
975,CD81,P60033,CD81_HUMAN,TAPA1
975,CD81,P60033,CD81_HUMAN,TSPAN28
4218,RAB8A,P61006,RAB8A_HUMAN,RAB8A
4218,RAB8A,P61006,RAB8A_HUMAN,MEL
4218,RAB8A,P61006,RAB8A_HUMAN,RAB8
10890,RAB10,P61026,RAB10_HUMAN,RAB10
7852,CXCR4,P61073,CXCR4_HUMAN,CXCR4
51552,RAB14,P61106,RAB14_HUMAN,RAB14
9114,ATP6V0D1,P61421,VA0D1_HUMAN,ATP6V0D1
9114,ATP6V0D1,P61421,VA0D1_HUMAN,ATP6D
9114,ATP6V0D1,P61421,VA0D1_HUMAN,VPATPD
10577,NPC2,P61916,NPC2_HUMAN,NPC2
10577,NPC2,P61916,NPC2_HUMAN,HE1
1174,AP1S1,P61966,AP1S1_HUMAN,AP1S1
1174,AP1S1,P61966,AP1S1_HUMAN,AP19
1174,AP1S1,P61966,AP1S1_HUMAN,CLAPS1
388,RHOB,P62745,RHOB_HUMAN,RHOB
388,RHOB,P62745,RHOB_HUMAN,ARH6
388,RHOB,P62745,RHOB_HUMAN,ARHB
6844,VAMP2,P63027,VAMP2_HUMAN,VAMP2
6844,VAMP2,P63027,VAMP2_HUMAN,SYB2
5515,PPP2CA,P67775,PP2AA_HUMAN,PPP2CA
8396,PIP4K2B,P78356,PI42B_HUMAN,PIP4K2B
8396,PIP4K2B,P78356,PI42B_HUMAN,PIP5K2B
2647,BLOC1S1,P78537,BL1S1_HUMAN,BLOC1S1
2647,BLOC1S1,P78537,BL1S1_HUMAN,BLOS1
2647,BLOC1S1,P78537,BL1S1_HUMAN,GCN5L1
2647,BLOC1S1,P78537,BL1S1_HUMAN,RT14
3125,HLA-DRB3,P79483,DRB3_HUMAN,HLA-DRB3
375,ARF1,P84077,ARF1_HUMAN,ARF1
4036,LRP2,P98164,LRP2_HUMAN,LRP2
4693,NDP,Q00604,NDP_HUMAN,NDP
4693,NDP,Q00604,NDP_HUMAN,EVR2
1213,CLTC,Q00610,CLH1_HUMAN,CLTC
1213,CLTC,Q00610,CLH1_HUMAN,CLH17
1213,CLTC,Q00610,CLH1_HUMAN,CLTCL2
1213,CLTC,Q00610,CLH1_HUMAN,KIAA0034
7073,TIAL1,Q01085,TIAR_HUMAN,TIAL1
287,ANK2,Q01484,ANK2_HUMAN,ANK2
287,ANK2,Q01484,ANK2_HUMAN,ANKB
10410,IFITM3,Q01628,IFM3_HUMAN,IFITM3
10581,IFITM2,Q01629,IFM2_HUMAN,IFITM2
8140,SLC7A5,Q01650,LAT1_HUMAN,SLC7A5
8140,SLC7A5,Q01650,LAT1_HUMAN,CD98LC
8140,SLC7A5,Q01650,LAT1_HUMAN,LAT1
8140,SLC7A5,Q01650,LAT1_HUMAN,MPE16
4952,OCRL,Q01968,OCRL_HUMAN,OCRL
4952,OCRL,Q01968,OCRL_HUMAN,OCRL1
27163,NAAA,Q02083,NAAA_HUMAN,NAAA
27163,NAAA,Q02083,NAAA_HUMAN,ASAHL
27163,NAAA,Q02083,NAAA_HUMAN,PLT
5604,MAP2K1,Q02750,MP2K1_HUMAN,MAP2K1
5604,MAP2K1,Q02750,MP2K1_HUMAN,MEK1
5604,MAP2K1,Q02750,MP2K1_HUMAN,PRKMK1
8763,CD164,Q04900,MUC24_HUMAN,CD164
5590,PRKCZ,Q05513,KPCZ_HUMAN,PRKCZ
5590,PRKCZ,Q05513,KPCZ_HUMAN,PKC2
3831,KLC1,Q07866,KLC1_HUMAN,KLC1
3831,KLC1,Q07866,KLC1_HUMAN,KLC
3831,KLC1,Q07866,KLC1_HUMAN,KNS2
10188,TNK2,Q07912,ACK1_HUMAN,TNK2
10188,TNK2,Q07912,ACK1_HUMAN,ACK1
389541,LAMTOR4,Q0VGL1,LTOR4_HUMAN,LAMTOR4
389541,LAMTOR4,Q0VGL1,LTOR4_HUMAN,C7orf59
162,AP1B1,Q10567,AP1B1_HUMAN,AP1B1
162,AP1B1,Q10567,AP1B1_HUMAN,ADTB1
162,AP1B1,Q10567,AP1B1_HUMAN,BAM22
162,AP1B1,Q10567,AP1B1_HUMAN,CLAPB2
9897,WASHC5,Q12768,WASC5_HUMAN,WASHC5
9897,WASHC5,Q12768,WASC5_HUMAN,KIAA0196
3373,HYAL1,Q12794,HYAL1_HUMAN,HYAL1
3373,HYAL1,Q12794,HYAL1_HUMAN,LUCA1
3798,KIF5A,Q12840,KIF5A_HUMAN,KIF5A
3798,KIF5A,Q12840,KIF5A_HUMAN,NKHC1
8692,HYAL2,Q12891,HYAL2_HUMAN,HYAL2
8692,HYAL2,Q12891,HYAL2_HUMAN,LUCA2
288,ANK3,Q12955,ANK3_HUMAN,ANK3
8131,NPRL3,Q12980,NPRL3_HUMAN,NPRL3
8131,NPRL3,Q12980,NPRL3_HUMAN,C16orf35
8131,NPRL3,Q12980,NPRL3_HUMAN,CGTHBA
8131,NPRL3,Q12980,NPRL3_HUMAN,MARE
7375,USP4,Q13107,UBP4_HUMAN,USP4
7375,USP4,Q13107,UBP4_HUMAN,UNP
7375,USP4,Q13107,UBP4_HUMAN,UNPH
2904,GRIN2B,Q13224,NMDE2_HUMAN,GRIN2B
2904,GRIN2B,Q13224,NMDE2_HUMAN,NMDAR2B
1118,CHIT1,Q13231,CHIT1_HUMAN,CHIT1
1201,CLN3,Q13286,CLN3_HUMAN,CLN3
1201,CLN3,Q13286,CLN3_HUMAN,BTS
8120,AP3B2,Q13367,AP3B2_HUMAN,AP3B2
4647,MYO7A,Q13402,MYO7A_HUMAN,MYO7A
4647,MYO7A,Q13402,MYO7A_HUMAN,USH1B
4534,MTM1,Q13496,MTM1_HUMAN,MTM1
4534,MTM1,Q13496,MTM1_HUMAN,CG2
8878,SQSTM1,Q13501,SQSTM_HUMAN,SQSTM1
8878,SQSTM1,Q13501,SQSTM_HUMAN,ORCA
8878,SQSTM1,Q13501,SQSTM_HUMAN,OSIL
427,ASAH1,Q13510,ASAH1_HUMAN,ASAH1
427,ASAH1,Q13510,ASAH1_HUMAN,ASAH
427,ASAH1,Q13510,ASAH1_HUMAN,HSD-33
427,ASAH1,Q13510,ASAH1_HUMAN,HSD33
7805,LAPTM5,Q13571,LAPM5_HUMAN,LAPTM5
7805,LAPTM5,Q13571,LAPM5_HUMAN,KIAA0085
6642,SNX1,Q13596,SNX1_HUMAN,SNX1
8031,NCOA4,Q13772,NCOA4_HUMAN,NCOA4
8031,NCOA4,Q13772,NCOA4_HUMAN,ARA70
8031,NCOA4,Q13772,NCOA4_HUMAN,ELE1
8031,NCOA4,Q13772,NCOA4_HUMAN,RFG
950,SCARB2,Q14108,SCRB2_HUMAN,SCARB2
950,SCARB2,Q14108,SCRB2_HUMAN,CD36L2
950,SCARB2,Q14108,SCRB2_HUMAN,LIMP2
950,SCARB2,Q14108,SCRB2_HUMAN,LIMPII
5137,PDE1C,Q14123,PDE1C_HUMAN,PDE1C
23650,TRIM29,Q14134,TRI29_HUMAN,TRIM29
23650,TRIM29,Q14134,TRI29_HUMAN,ATDC
8448,DOC2A,Q14183,DOC2A_HUMAN,DOC2A
2318,FLNC,Q14315,FLNC_HUMAN,FLNC
2318,FLNC,Q14315,FLNC_HUMAN,ABPL
2318,FLNC,Q14315,FLNC_HUMAN,FLN2
8678,BECN1,Q14457,BECN1_HUMAN,BECN1
8678,BECN1,Q14457,BECN1_HUMAN,GT197
4077,NBR1,Q14596,NBR1_HUMAN,NBR1
4077,NBR1,Q14596,NBR1_HUMAN,1A13B
4077,NBR1,Q14596,NBR1_HUMAN,KIAA0049
4077,NBR1,Q14596,NBR1_HUMAN,M17S2
4077,NBR1,Q14596,NBR1_HUMAN,MIG19
8720,MBTPS1,Q14703,MBTP1_HUMAN,MBTPS1
8720,MBTPS1,Q14703,MBTP1_HUMAN,KIAA0091
8720,MBTPS1,Q14703,MBTP1_HUMAN,S1P
8720,MBTPS1,Q14703,MBTP1_HUMAN,SKI1
54734,RAB39A,Q14964,RB39A_HUMAN,RAB39A
54734,RAB39A,Q14964,RB39A_HUMAN,RAB39
23516,SLC39A14,Q15043,S39AE_HUMAN,SLC39A14
23516,SLC39A14,Q15043,S39AE_HUMAN,KIAA0062
23516,SLC39A14,Q15043,S39AE_HUMAN,ZIP14
23209,MLC1,Q15049,MLC1_HUMAN,MLC1
23209,MLC1,Q15049,MLC1_HUMAN,KIAA0027
23209,MLC1,Q15049,MLC1_HUMAN,WKL1
6009,RHEB,Q15382,RHEB_HUMAN,RHEB
6009,RHEB,Q15382,RHEB_HUMAN,RHEB2
23531,MMD,Q15546,PAQRB_HUMAN,MMD
23531,MMD,Q15546,PAQRB_HUMAN,PAQR11
9322,TRIP10,Q15642,CIP4_HUMAN,TRIP10
9322,TRIP10,Q15642,CIP4_HUMAN,CIP4
9322,TRIP10,Q15642,CIP4_HUMAN,STOT
9322,TRIP10,Q15642,CIP4_HUMAN,STP
10203,CALCRL,Q16602,CALRL_HUMAN,CALCRL
10203,CALCRL,Q16602,CALRL_HUMAN,CGRPR
4818,NKG7,Q16617,NKG7_HUMAN,NKG7
4818,NKG7,Q16617,NKG7_HUMAN,GIG1
23274,CLEC16A,Q2KHT3,CL16A_HUMAN,CLEC16A
23274,CLEC16A,Q2KHT3,CL16A_HUMAN,KIAA0350
3127,HLA-DRB5,Q30154,DRB5_HUMAN,HLA-DRB5
123745,PLA2G4E,Q3MJ16,PA24E_HUMAN,PLA2G4E
79158,GNPTAB,Q3T906,GNPTA_HUMAN,GNPTAB
79158,GNPTAB,Q3T906,GNPTA_HUMAN,GNPTA
79158,GNPTAB,Q3T906,GNPTA_HUMAN,KIAA1208
203547,VMA21,Q3ZAQ7,VMA21_HUMAN,VMA21
203547,VMA21,Q3ZAQ7,VMA21_HUMAN,MEAX
203547,VMA21,Q3ZAQ7,VMA21_HUMAN,XMEA
84861,KLHL22,Q53GT1,KLH22_HUMAN,KLHL22
124997,WDR81,Q562E7,WDR81_HUMAN,WDR81
27346,TMEM97,Q5BJF2,SGMR2_HUMAN,TMEM97
27346,TMEM97,Q5BJF2,SGMR2_HUMAN,MAC30
27346,TMEM97,Q5BJF2,SGMR2_HUMAN,S2R
9737,GPRASP1,Q5JY77,GASP1_HUMAN,GPRASP1
9737,GPRASP1,Q5JY77,GASP1_HUMAN,GASP
9737,GPRASP1,Q5JY77,GASP1_HUMAN,KIAA0443
56270,WDR45B,Q5MNZ6,WIPI3_HUMAN,WDR45B
56270,WDR45B,Q5MNZ6,WIPI3_HUMAN,WDR45L
56270,WDR45B,Q5MNZ6,WIPI3_HUMAN,WIPI3
338557,FFAR4,Q5NUL3,FFAR4_HUMAN,FFAR4
338557,FFAR4,Q5NUL3,FFAR4_HUMAN,GPR120
338557,FFAR4,Q5NUL3,FFAR4_HUMAN,GPR129
338557,FFAR4,Q5NUL3,FFAR4_HUMAN,O3FAR1
338557,FFAR4,Q5NUL3,FFAR4_HUMAN,PGR4
120892,LRRK2,Q5S007,LRRK2_HUMAN,LRRK2
120892,LRRK2,Q5S007,LRRK2_HUMAN,PARK8
134829,CLVS2,Q5SYC1,CLVS2_HUMAN,CLVS2
134829,CLVS2,Q5SYC1,CLVS2_HUMAN,C6orf212
134829,CLVS2,Q5SYC1,CLVS2_HUMAN,C6orf213
134829,CLVS2,Q5SYC1,CLVS2_HUMAN,RLBP1L2
23334,SZT2,Q5T011,SZT2_HUMAN,SZT2
23334,SZT2,Q5T011,SZT2_HUMAN,C1orf84
23334,SZT2,Q5T011,SZT2_HUMAN,KIAA0467
220972,MARCHF8,Q5T0T0,MARH8_HUMAN,MARCHF8
220972,MARCHF8,Q5T0T0,MARH8_HUMAN,8-Mar
220972,MARCHF8,Q5T0T0,MARH8_HUMAN,MIR
220972,MARCHF8,Q5T0T0,MARH8_HUMAN,RNF178
23352,UBR4,Q5T4S7,UBR4_HUMAN,UBR4
23352,UBR4,Q5T4S7,UBR4_HUMAN,KIAA0462
23352,UBR4,Q5T4S7,UBR4_HUMAN,KIAA1307
23352,UBR4,Q5T4S7,UBR4_HUMAN,RBAF600
55275,VPS53,Q5VIR6,VPS53_HUMAN,VPS53
55275,VPS53,Q5VIR6,VPS53_HUMAN,PP13624
55432,YOD1,Q5VVQ6,OTU1_HUMAN,YOD1
55432,YOD1,Q5VVQ6,OTU1_HUMAN,DUBA8
55432,YOD1,Q5VVQ6,OTU1_HUMAN,HIN7
55432,YOD1,Q5VVQ6,OTU1_HUMAN,OTUD2
55432,YOD1,Q5VVQ6,OTU1_HUMAN,PRO0907
10325,RRAGB,Q5VZM2,RRAGB_HUMAN,RRAGB
55435,AP1AR,Q63HQ0,AP1AR_HUMAN,AP1AR
55435,AP1AR,Q63HQ0,AP1AR_HUMAN,C4orf16
55435,AP1AR,Q63HQ0,AP1AR_HUMAN,PRO0971
55054,ATG16L1,Q676U5,A16L1_HUMAN,ATG16L1
55054,ATG16L1,Q676U5,A16L1_HUMAN,APG16L
55054,ATG16L1,Q676U5,A16L1_HUMAN,UNQ9393/PRO34307
138050,HGSNAT,Q68CP4,HGNAT_HUMAN,HGSNAT
138050,HGSNAT,Q68CP4,HGNAT_HUMAN,TMEM76
23503,ZFYVE26,Q68DK2,ZFY26_HUMAN,ZFYVE26
23503,ZFYVE26,Q68DK2,ZFY26_HUMAN,KIAA0321
55004,LAMTOR1,Q6IAA8,LTOR1_HUMAN,LAMTOR1
55004,LAMTOR1,Q6IAA8,LTOR1_HUMAN,C11orf59
55004,LAMTOR1,Q6IAA8,LTOR1_HUMAN,PDRO
55004,LAMTOR1,Q6IAA8,LTOR1_HUMAN,PP7157
201475,RAB12,Q6IQ22,RAB12_HUMAN,RAB12
80131,LRRC8E,Q6NSJ5,LRC8E_HUMAN,LRRC8E
126321,MFSD12,Q6NUT3,MFS12_HUMAN,MFSD12
126321,MFSD12,Q6NUT3,MFS12_HUMAN,C19orf28
55652,SLC48A1,Q6P1K1,HRG1_HUMAN,SLC48A1
55652,SLC48A1,Q6P1K1,HRG1_HUMAN,HRG1
55681,SCYL2,Q6P3W7,SCYL2_HUMAN,SCYL2
55681,SCYL2,Q6P3W7,SCYL2_HUMAN,CVAK104
55681,SCYL2,Q6P3W7,SCYL2_HUMAN,KIAA1360
79887,PLBD1,Q6P4A8,PLBL1_HUMAN,PLBD1
84750,FUT10,Q6P4F1,OFUT3_HUMAN,FUT10
84750,FUT10,Q6P4F1,OFUT3_HUMAN,POFUT3
79626,TNFAIP8L2,Q6P589,TP8L2_HUMAN,TNFAIP8L2
57707,MEAK7,Q6P9B6,MEAK7_HUMAN,MEAK7
57707,MEAK7,Q6P9B6,MEAK7_HUMAN,KIAA1609
57707,MEAK7,Q6P9B6,MEAK7_HUMAN,TLDC1
79726,WDR59,Q6PJI9,WDR59_HUMAN,WDR59
79726,WDR59,Q6PJI9,WDR59_HUMAN,KIAA1923
79726,WDR59,Q6PJI9,WDR59_HUMAN,FP977
388552,BLOC1S3,Q6QNY0,BL1S3_HUMAN,BLOC1S3
388552,BLOC1S3,Q6QNY0,BL1S3_HUMAN,BLOS3
282991,BLOC1S2,Q6QNY1,BL1S2_HUMAN,BLOC1S2
282991,BLOC1S2,Q6QNY1,BL1S2_HUMAN,BLOS2
282991,BLOC1S2,Q6QNY1,BL1S2_HUMAN,CEAP
253260,RICTOR,Q6R327,RICTR_HUMAN,RICTOR
253260,RICTOR,Q6R327,RICTR_HUMAN,KIAA1999
51374,ATRAID,Q6UW56,ARAID_HUMAN,ATRAID
51374,ATRAID,Q6UW56,ARAID_HUMAN,3-Apr
51374,ATRAID,Q6UW56,ARAID_HUMAN,C2orf28
51374,ATRAID,Q6UW56,ARAID_HUMAN,HSPC013
51374,ATRAID,Q6UW56,ARAID_HUMAN,UNQ214/PRO240
153642,ARSK,Q6UWY0,ARSK_HUMAN,ARSK
153642,ARSK,Q6UWY0,ARSK_HUMAN,TSULF
153642,ARSK,Q6UWY0,ARSK_HUMAN,UNQ630/PRO1246
128338,DRAM2,Q6UX65,DRAM2_HUMAN,DRAM2
128338,DRAM2,Q6UX65,DRAM2_HUMAN,TMEM77
128338,DRAM2,Q6UX65,DRAM2_HUMAN,PSEC0031
128338,DRAM2,Q6UX65,DRAM2_HUMAN,UNQ154/PRO180
57535,ELAPOR1,Q6UXG2,ELAP1_HUMAN,ELAPOR1
57535,ELAPOR1,Q6UXG2,ELAP1_HUMAN,EIG121
57535,ELAPOR1,Q6UXG2,ELAP1_HUMAN,KIAA1324
57535,ELAPOR1,Q6UXG2,ELAP1_HUMAN,UNQ2426/PRO4985
120103,SLC36A4,Q6YBV0,S36A4_HUMAN,SLC36A4
120103,SLC36A4,Q6YBV0,S36A4_HUMAN,PAT4
54849,DEF8,Q6ZN54,DEFI8_HUMAN,DEF8
22863,ATG14,Q6ZNE5,BAKOR_HUMAN,ATG14
22863,ATG14,Q6ZNE5,BAKOR_HUMAN,ATG14L
22863,ATG14,Q6ZNE5,BAKOR_HUMAN,KIAA0831
285180,RUFY4,Q6ZNE9,RUFY4_HUMAN,RUFY4
54896,SLC66A1,Q6ZP29,LAAT1_HUMAN,SLC66A1
54896,SLC66A1,Q6ZP29,LAAT1_HUMAN,PQLC2
146691,TOM1L2,Q6ZVM7,TM1L2_HUMAN,TOM1L2
54832,VPS13C,Q709C8,VP13C_HUMAN,VPS13C
54832,VPS13C,Q709C8,VP13C_HUMAN,KIAA1421
201294,UNC13D,Q70J99,UN13D_HUMAN,UNC13D
22902,RUFY3,Q7L099,RUFY3_HUMAN,RUFY3
22902,RUFY3,Q7L099,RUFY3_HUMAN,KIAA0871
10670,RRAGA,Q7L523,RRAGA_HUMAN,RRAGA
57132,CHMP1B,Q7LBR1,CHM1B_HUMAN,CHMP1B
57132,CHMP1B,Q7LBR1,CHM1B_HUMAN,C18orf2
206358,SLC36A1,Q7Z2H8,S36A1_HUMAN,SLC36A1
206358,SLC36A1,Q7Z2H8,S36A1_HUMAN,PAT1
56829,ZC3HAV1,Q7Z2W4,ZCCHV_HUMAN,ZC3HAV1
56829,ZC3HAV1,Q7Z2W4,ZCCHV_HUMAN,ZC3HDC2
56829,ZC3HAV1,Q7Z2W4,ZCCHV_HUMAN,PRO1677
151556,GPR155,Q7Z3F1,LYCHS_HUMAN,GPR155
151556,GPR155,Q7Z3F1,LYCHS_HUMAN,PGR22
283537,SLC46A3,Q7Z3Q1,S46A3_HUMAN,SLC46A3
283537,SLC46A3,Q7Z3Q1,S46A3_HUMAN,FKSG16
9765,ZFYVE16,Q7Z3T8,ZFY16_HUMAN,ZFYVE16
9765,ZFYVE16,Q7Z3T8,ZFY16_HUMAN,KIAA0305
57506,MAVS,Q7Z434,MAVS_HUMAN,MAVS
57506,MAVS,Q7Z434,MAVS_HUMAN,IPS1
57506,MAVS,Q7Z434,MAVS_HUMAN,KIAA1271
57506,MAVS,Q7Z434,MAVS_HUMAN,VISA
55297,CCDC91,Q7Z6B0,CCD91_HUMAN,CCDC91
55297,CCDC91,Q7Z6B0,CCD91_HUMAN,GGABP
55297,CCDC91,Q7Z6B0,CCD91_HUMAN,HSD8
25851,TECPR1,Q7Z6L1,TCPR1_HUMAN,TECPR1
25851,TECPR1,Q7Z6L1,TCPR1_HUMAN,KIAA1358
157680,VPS13B,Q7Z7G8,VP13B_HUMAN,VPS13B
157680,VPS13B,Q7Z7G8,VP13B_HUMAN,CHS1
157680,VPS13B,Q7Z7G8,VP13B_HUMAN,COH1
157680,VPS13B,Q7Z7G8,VP13B_HUMAN,KIAA0532
90809,PIP4P1,Q86T03,PP4P1_HUMAN,PIP4P1
90809,PIP4P1,Q86T03,PP4P1_HUMAN,C14orf9
90809,PIP4P1,Q86T03,PP4P1_HUMAN,TMEM55B
115123,MARCHF3,Q86UD3,MARH3_HUMAN,MARCHF3
115123,MARCHF3,Q86UD3,MARH3_HUMAN,3-Mar
115123,MARCHF3,Q86UD3,MARH3_HUMAN,RNF173
55353,LAPTM4B,Q86VI4,LAP4B_HUMAN,LAPTM4B
55353,LAPTM4B,Q86VI4,LAP4B_HUMAN,PSEC0001
51028,VPS36,Q86VN1,VPS36_HUMAN,VPS36
51028,VPS36,Q86VN1,VPS36_HUMAN,C13orf9
51028,VPS36,Q86VN1,VPS36_HUMAN,EAP45
51028,VPS36,Q86VN1,VPS36_HUMAN,CGI-145
84376,HOOK3,Q86VS8,HOOK3_HUMAN,HOOK3
284129,SLC26A11,Q86WA9,S2611_HUMAN,SLC26A11
28962,OSTM1,Q86WC4,OSTM1_HUMAN,OSTM1
28962,OSTM1,Q86WC4,OSTM1_HUMAN,GL
28962,OSTM1,Q86WC4,OSTM1_HUMAN,HSPC019
28962,OSTM1,Q86WC4,OSTM1_HUMAN,UNQ6098/PRO21201
81846,SBF2,Q86WG5,MTMRD_HUMAN,SBF2
81846,SBF2,Q86WG5,MTMRD_HUMAN,CMT4B2
81846,SBF2,Q86WG5,MTMRD_HUMAN,KIAA1766
81846,SBF2,Q86WG5,MTMRD_HUMAN,MTMR13
340061,STING1,Q86WV6,STING_HUMAN,STING1
340061,STING1,Q86WV6,STING_HUMAN,ERIS
340061,STING1,Q86WV6,STING_HUMAN,MITA
340061,STING1,Q86WV6,STING_HUMAN,STING
340061,STING1,Q86WV6,STING_HUMAN,TMEM173
84866,TMEM25,Q86YD3,TMM25_HUMAN,TMEM25
84866,TMEM25,Q86YD3,TMM25_HUMAN,UNQ2531/PRO6030
92979,MARCHF9,Q86YJ5,MARH9_HUMAN,MARCHF9
92979,MARCHF9,Q86YJ5,MARH9_HUMAN,9-Mar
92979,MARCHF9,Q86YJ5,MARH9_HUMAN,RNF179
79803,HPS6,Q86YV9,HPS6_HUMAN,HPS6
10462,CLEC10A,Q8IUN9,CLC10_HUMAN,CLEC10A
10462,CLEC10A,Q8IUN9,CLC10_HUMAN,CLECSF13
10462,CLEC10A,Q8IUN9,CLC10_HUMAN,CLECSF14
10462,CLEC10A,Q8IUN9,CLC10_HUMAN,HML
157807,CLVS1,Q8IUQ0,CLVS1_HUMAN,CLVS1
157807,CLVS1,Q8IUQ0,CLVS1_HUMAN,CRALBPL
157807,CLVS1,Q8IUQ0,CLVS1_HUMAN,RLBP1L1
23646,PLD3,Q8IV08,PLD3_HUMAN,PLD3
23207,PLEKHM2,Q8IWE5,PKHM2_HUMAN,PLEKHM2
23207,PLEKHM2,Q8IWE5,PKHM2_HUMAN,KIAA0842
23207,PLEKHM2,Q8IWE5,PKHM2_HUMAN,SKIP
9648,GCC2,Q8IWJ2,GCC2_HUMAN,GCC2
9648,GCC2,Q8IWJ2,GCC2_HUMAN,KIAA0336
9648,GCC2,Q8IWJ2,GCC2_HUMAN,RANBP2L4
56262,LRRC8A,Q8IWT6,LRC8A_HUMAN,LRRC8A
56262,LRRC8A,Q8IWT6,LRC8A_HUMAN,KIAA1437
56262,LRRC8A,Q8IWT6,LRC8A_HUMAN,LRRC8
56262,LRRC8A,Q8IWT6,LRC8A_HUMAN,SWELL1
56262,LRRC8A,Q8IWT6,LRC8A_HUMAN,UNQ221/PRO247
55293,UEVLD,Q8IX04,UEVLD_HUMAN,UEVLD
55293,UEVLD,Q8IX04,UEVLD_HUMAN,UEV3
22933,SIRT2,Q8IXJ6,SIR2_HUMAN,SIRT2
22933,SIRT2,Q8IXJ6,SIR2_HUMAN,SIR2L
22933,SIRT2,Q8IXJ6,SIR2_HUMAN,SIR2L2
51296,SLC15A3,Q8IY34,S15A3_HUMAN,SLC15A3
51296,SLC15A3,Q8IY34,S15A3_HUMAN,OCTP
51296,SLC15A3,Q8IY34,S15A3_HUMAN,PHT2
51296,SLC15A3,Q8IY34,S15A3_HUMAN,PTR3
201931,TMEM192,Q8IY95,TM192_HUMAN,TMEM192
8477,GPR65,Q8IYL9,PSYR_HUMAN,GPR65
8477,GPR65,Q8IYL9,PSYR_HUMAN,TDAG8
255231,MCOLN2,Q8IZK6,MCLN2_HUMAN,MCOLN2
84951,TNS4,Q8IZW8,TENS4_HUMAN,TNS4
84951,TNS4,Q8IZW8,TENS4_HUMAN,CTEN
84951,TNS4,Q8IZW8,TENS4_HUMAN,PP14434
57521,RPTOR,Q8N122,RPTOR_HUMAN,RPTOR
57521,RPTOR,Q8N122,RPTOR_HUMAN,KIAA1303
57521,RPTOR,Q8N122,RPTOR_HUMAN,RAPTOR
54978,SLC35F6,Q8N357,S35F6_HUMAN,SLC35F6
54978,SLC35F6,Q8N357,S35F6_HUMAN,C2orf18
54978,SLC35F6,Q8N357,S35F6_HUMAN,UNQ3047/PRO9863
55529,PIP4P2,Q8N4L2,PP4P2_HUMAN,PIP4P2
55529,PIP4P2,Q8N4L2,PP4P2_HUMAN,TMEM55A
147007,TMEM199,Q8N511,TM199_HUMAN,TMEM199
147007,TMEM199,Q8N511,TM199_HUMAN,C17orf32
55686,MREG,Q8N565,MREG_HUMAN,MREG
55686,MREG,Q8N565,MREG_HUMAN,DSU
55686,MREG,Q8N565,MREG_HUMAN,HDCGA21P
257397,TAB3,Q8N5C8,TAB3_HUMAN,TAB3
257397,TAB3,Q8N5C8,TAB3_HUMAN,MAP3K7IP3
84067,FHIP1B,Q8N612,FHI1B_HUMAN,FHIP1B
84067,FHIP1B,Q8N612,FHI1B_HUMAN,C11orf56
84067,FHIP1B,Q8N612,FHI1B_HUMAN,FAM160A2
84067,FHIP1B,Q8N612,FHI1B_HUMAN,KIAA1759
55332,DRAM1,Q8N682,DRAM1_HUMAN,DRAM1
55332,DRAM1,Q8N682,DRAM1_HUMAN,DRAM
121260,SLC15A4,Q8N697,S15A4_HUMAN,SLC15A4
121260,SLC15A4,Q8N697,S15A4_HUMAN,PHT1
121260,SLC15A4,Q8N697,S15A4_HUMAN,PTR4
121260,SLC15A4,Q8N697,S15A4_HUMAN,FP12591
26175,LYSET,Q8N6I4,LYSET_HUMAN,LYSET
26175,LYSET,Q8N6I4,LYSET_HUMAN,C14orf109
26175,LYSET,Q8N6I4,LYSET_HUMAN,TMEM251
220441,RNF152,Q8N8N0,RN152_HUMAN,RNF152
220002,CYB561A3,Q8NBI2,CYAC3_HUMAN,CYB561A3
220002,CYB561A3,Q8NBI2,CYAC3_HUMAN,CYBASC3
220002,CYB561A3,Q8NBI2,CYAC3_HUMAN,PSEC0259
51092,SIDT2,Q8NBJ9,SIDT2_HUMAN,SIDT2
51092,SIDT2,Q8NBJ9,SIDT2_HUMAN,CGI-40
51092,SIDT2,Q8NBJ9,SIDT2_HUMAN,PSEC0072
51092,SIDT2,Q8NBJ9,SIDT2_HUMAN,UNQ685/PRO1325
255738,PCSK9,Q8NBP7,PCSK9_HUMAN,PCSK9
255738,PCSK9,Q8NBP7,PCSK9_HUMAN,NARC1
255738,PCSK9,Q8NBP7,PCSK9_HUMAN,PSEC0052
81567,TXNDC5,Q8NBS9,TXND5_HUMAN,TXNDC5
81567,TXNDC5,Q8NBS9,TXND5_HUMAN,TLP46
81567,TXNDC5,Q8NBS9,TXND5_HUMAN,UNQ364/PRO700
153129,SLC38A9,Q8NBW4,S38A9_HUMAN,SLC38A9
153129,SLC38A9,Q8NBW4,S38A9_HUMAN,URLC11
25940,FAM98A,Q8NCA5,FA98A_HUMAN,FAM98A
23659,PLA2G15,Q8NCC3,PAG15_HUMAN,PLA2G15
23659,PLA2G15,Q8NCC3,PAG15_HUMAN,LYPLA3
23659,PLA2G15,Q8NCC3,PAG15_HUMAN,UNQ341/PRO540
84255,SLC37A3,Q8NCC5,SPX3_HUMAN,SLC37A3
84255,SLC37A3,Q8NCC5,SPX3_HUMAN,SPX3
84937,ZNRF1,Q8ND25,ZNRF1_HUMAN,ZNRF1
84937,ZNRF1,Q8ND25,ZNRF1_HUMAN,NIN283
5289,PIK3C3,Q8NEB9,PK3C3_HUMAN,PIK3C3
5289,PIK3C3,Q8NEB9,PK3C3_HUMAN,VPS34
162514,TRPV3,Q8NET8,TRPV3_HUMAN,TRPV3
201163,FLCN,Q8NFG4,FLCN_HUMAN,FLCN
201163,FLCN,Q8NFG4,FLCN_HUMAN,BHD
258010,SVIP,Q8NHG7,SVIP_HUMAN,SVIP
223082,ZNRF2,Q8NHG8,ZNRF2_HUMAN,ZNRF2
223082,ZNRF2,Q8NHG8,ZNRF2_HUMAN,RNF202
196463,PLBD2,Q8NHP8,PLBL2_HUMAN,PLBD2
256471,MFSD8,Q8NHS3,MFSD8_HUMAN,MFSD8
256471,MFSD8,Q8NHS3,MFSD8_HUMAN,CLN7
219931,TPCN2,Q8NHX9,TPC2_HUMAN,TPCN2
219931,TPCN2,Q8NHX9,TPC2_HUMAN,TPC2
57599,WDR48,Q8TAF3,WDR48_HUMAN,WDR48
57599,WDR48,Q8TAF3,WDR48_HUMAN,KIAA1449
57599,WDR48,Q8TAF3,WDR48_HUMAN,UAF1
64798,DEPTOR,Q8TB45,DPTOR_HUMAN,DEPTOR
64798,DEPTOR,Q8TB45,DPTOR_HUMAN,DEPDC6
57709,SLC7A14,Q8TBB6,S7A14_HUMAN,SLC7A14
57709,SLC7A14,Q8TBB6,S7A14_HUMAN,KIAA1613
92799,SHKBP1,Q8TBC3,SHKB1_HUMAN,SHKBP1
92799,SHKBP1,Q8TBC3,SHKB1_HUMAN,SB1
92799,SHKBP1,Q8TBC3,SHKB1_HUMAN,PP203
81615,TMEM163,Q8TC26,TM163_HUMAN,TMEM163
132671,SPATA18,Q8TC71,MIEAP_HUMAN,SPATA18
132671,SPATA18,Q8TC71,MIEAP_HUMAN,MIEAP
55016,MARCHF1,Q8TCQ1,MARH1_HUMAN,MARCHF1
55016,MARCHF1,Q8TCQ1,MARH1_HUMAN,1-Mar
55016,MARCHF1,Q8TCQ1,MARH1_HUMAN,RNF171
56928,SPPL2B,Q8TCT7,SPP2B_HUMAN,SPPL2B
56928,SPPL2B,Q8TCT7,SPP2B_HUMAN,IMP4
56928,SPPL2B,Q8TCT7,SPP2B_HUMAN,KIAA1532
56928,SPPL2B,Q8TCT7,SPP2B_HUMAN,PSL1
84888,SPPL2A,Q8TCT8,SPP2A_HUMAN,SPPL2A
84888,SPPL2A,Q8TCT8,SPP2A_HUMAN,IMP3
84888,SPPL2A,Q8TCT8,SPP2A_HUMAN,PSL2
84888,SPPL2A,Q8TCT8,SPP2A_HUMAN,PSEC0147
151636,DTX3L,Q8TDB6,DTX3L_HUMAN,DTX3L
151636,DTX3L,Q8TDB6,DTX3L_HUMAN,BBAP
55283,MCOLN3,Q8TDD5,MCLN3_HUMAN,MCOLN3
63915,BLOC1S5,Q8TDH9,BL1S5_HUMAN,BLOC1S5
63915,BLOC1S5,Q8TDH9,BL1S5_HUMAN,MUTED
9821,RB1CC1,Q8TDY2,RBCC1_HUMAN,RB1CC1
9821,RB1CC1,Q8TDY2,RBCC1_HUMAN,KIAA0203
9821,RB1CC1,Q8TDY2,RBCC1_HUMAN,RBICC
79589,RNF128,Q8TEB7,RN128_HUMAN,RNF128
140775,SMCR8,Q8TEV9,SMCR8_HUMAN,SMCR8
96459,FNIP1,Q8TF40,FNIP1_HUMAN,FNIP1
96459,FNIP1,Q8TF40,FNIP1_HUMAN,KIAA1961
949,SCARB1,Q8WTV0,SCRB1_HUMAN,SCARB1
949,SCARB1,Q8WTV0,SCRB1_HUMAN,CD36L1
949,SCARB1,Q8WTV0,SCRB1_HUMAN,CLA1
10641,NPRL2,Q8WTW4,NPRL2_HUMAN,NPRL2
10641,NPRL2,Q8WTW4,NPRL2_HUMAN,TUSC4
9392,TGFBRAP1,Q8WUH2,TGFA1_HUMAN,TGFBRAP1
91782,CHMP7,Q8WUX9,CHMP7_HUMAN,CHMP7
112770,GLMP,Q8WWB7,GLMP_HUMAN,GLMP
112770,GLMP,Q8WWB7,GLMP_HUMAN,C1orf85
112770,GLMP,Q8WWB7,GLMP_HUMAN,PSEC0030
112770,GLMP,Q8WWB7,GLMP_HUMAN,UNQ2553/PRO6182
129807,NEU4,Q8WWR8,NEUR4_HUMAN,NEU4
129807,NEU4,Q8WWR8,NEUR4_HUMAN,LP5125
23461,ABCA5,Q8WWZ7,ABCA5_HUMAN,ABCA5
23461,ABCA5,Q8WWZ7,ABCA5_HUMAN,KIAA1888
126298,IRGQ,Q8WZA9,IRGQ_HUMAN,IRGQ
126298,IRGQ,Q8WZA9,IRGQ_HUMAN,IRGQ1
126298,IRGQ,Q8WZA9,IRGQ_HUMAN,FKSG27
7248,TSC1,Q92574,TSC1_HUMAN,TSC1
7248,TSC1,Q92574,TSC1_HUMAN,KIAA0243
7248,TSC1,Q92574,TSC1_HUMAN,TSC
9711,RUBCN,Q92622,RUBIC_HUMAN,RUBCN
9711,RUBCN,Q92622,RUBIC_HUMAN,KIAA0226
6653,SORL1,Q92673,SORL_HUMAN,SORL1
6653,SORL1,Q92673,SORL_HUMAN,C11orf32
3037,HAS2,Q92819,HYAS2_HUMAN,HAS2
8836,GGH,Q92820,GGH_HUMAN,GGH
3257,HPS1,Q92902,HPS1_HUMAN,HPS1
3257,HPS1,Q92902,HPS1_HUMAN,HPS
6578,SLCO2A1,Q92959,SO2A1_HUMAN,SLCO2A1
6578,SLCO2A1,Q92959,SO2A1_HUMAN,OATP2A1
6578,SLCO2A1,Q92959,SO2A1_HUMAN,SLC21A2
6039,RNASE6,Q93091,RNAS6_HUMAN,RNASE6
6039,RNASE6,Q93091,RNAS6_HUMAN,RNS6
84343,HPS3,Q969F9,HPS3_HUMAN,HPS3
118426,BORCS5,Q969J3,BORC5_HUMAN,BORCS5
118426,BORCS5,Q969J3,BORC5_HUMAN,LOH12CR1
55846,ITFG2,Q969R8,ITFG2_HUMAN,ITFG2
94107,TMEM203,Q969S6,TM203_HUMAN,TMEM203
83933,HDAC10,Q969S8,HDA10_HUMAN,HDAC10
64114,TMBIM1,Q969X1,LFG3_HUMAN,TMBIM1
64114,TMBIM1,Q969X1,LFG3_HUMAN,LFG3
64114,TMBIM1,Q969X1,LFG3_HUMAN,RECS1
64114,TMBIM1,Q969X1,LFG3_HUMAN,PP1201
64114,TMBIM1,Q969X1,LFG3_HUMAN,PSEC0158
338382,RAB7B,Q96AH8,RAB7B_HUMAN,RAB7B
81552,VOPP1,Q96AW1,VOPP1_HUMAN,VOPP1
81552,VOPP1,Q96AW1,VOPP1_HUMAN,ECOP
81552,VOPP1,Q96AW1,VOPP1_HUMAN,GASP
65082,VPS33A,Q96AX1,VP33A_HUMAN,VPS33A
120224,TMEM45B,Q96B21,TM45B_HUMAN,TMEM45B
57561,ARRDC3,Q96B67,ARRD3_HUMAN,ARRDC3
57561,ARRDC3,Q96B67,ARRD3_HUMAN,KIAA1376
127829,ARL8A,Q96BM9,ARL8A_HUMAN,ARL8A
127829,ARL8A,Q96BM9,ARL8A_HUMAN,ARL10B
127829,ARL8A,Q96BM9,ARL8A_HUMAN,GIE2
122618,PLD4,Q96BZ4,PLD4_HUMAN,PLD4
122618,PLD4,Q96BZ4,PLD4_HUMAN,C14orf175
122618,PLD4,Q96BZ4,PLD4_HUMAN,UNQ2488/PRO5775
94121,SYTL4,Q96C24,SYTL4_HUMAN,SYTL4
92421,CHMP4C,Q96CF2,CHM4C_HUMAN,CHMP4C
92421,CHMP4C,Q96CF2,CHM4C_HUMAN,SHAX3
1173,AP2M1,Q96CW1,AP2M1_HUMAN,AP2M1
1173,AP2M1,Q96CW1,AP2M1_HUMAN,CLAPM1
1173,AP2M1,Q96CW1,AP2M1_HUMAN,KIAA0109
219738,FAM241B,Q96D05,F241B_HUMAN,FAM241B
219738,FAM241B,Q96D05,F241B_HUMAN,C10orf35
138065,RNF183,Q96D59,RN183_HUMAN,RNF183
29919,RMC1,Q96DM3,RMC1_HUMAN,RMC1
29919,RMC1,Q96DM3,RMC1_HUMAN,C18orf8
29919,RMC1,Q96DM3,RMC1_HUMAN,MIC1
29919,RMC1,Q96DM3,RMC1_HUMAN,WDR98
116211,TM4SF19,Q96DZ7,T4S19_HUMAN,TM4SF19
116211,TM4SF19,Q96DZ7,T4S19_HUMAN,OCTM4
29911,HOOK2,Q96ED9,HOOK2_HUMAN,HOOK2
81929,SEH1L,Q96EE3,SEH1_HUMAN,SEH1L
81929,SEH1L,Q96EE3,SEH1_HUMAN,SEC13L
81929,SEH1L,Q96EE3,SEH1_HUMAN,SEH1
22901,ARSG,Q96EG1,ARSG_HUMAN,ARSG
22901,ARSG,Q96EG1,ARSG_HUMAN,KIAA1001
22901,ARSG,Q96EG1,ARSG_HUMAN,UNQ839/PRO1777
84062,DTNBP1,Q96EV8,DTBP1_HUMAN,DTNBP1
84062,DTNBP1,Q96EV8,DTBP1_HUMAN,BLOC1S8
84062,DTNBP1,Q96EV8,DTBP1_HUMAN,My031
93343,MVB12A,Q96EY5,MB12A_HUMAN,MVB12A
93343,MVB12A,Q96EY5,MB12A_HUMAN,CFBP
93343,MVB12A,Q96EY5,MB12A_HUMAN,FAM125A
55340,GIMAP5,Q96F15,GIMA5_HUMAN,GIMAP5
55340,GIMAP5,Q96F15,GIMA5_HUMAN,IAN4L1
55340,GIMAP5,Q96F15,GIMA5_HUMAN,IAN5
55340,GIMAP5,Q96F15,GIMA5_HUMAN,IMAP3
729991,BORCS8,Q96FH0,BORC8_HUMAN,BORCS8
729991,BORCS8,Q96FH0,BORC8_HUMAN,MEF2BNB
79643,CHMP6,Q96FZ7,CHMP6_HUMAN,CHMP6
79643,CHMP6,Q96FZ7,CHMP6_HUMAN,VPS20
54785,BORCS6,Q96GS4,BORC6_HUMAN,BORCS6
54785,BORCS6,Q96GS4,BORC6_HUMAN,C17orf59
11267,SNF8,Q96H20,SNF8_HUMAN,SNF8
11267,SNF8,Q96H20,SNF8_HUMAN,EAP30
23339,VPS39,Q96JC1,VPS39_HUMAN,VPS39
23339,VPS39,Q96JC1,VPS39_HUMAN,KIAA0770
23339,VPS39,Q96JC1,VPS39_HUMAN,TLP
23339,VPS39,Q96JC1,VPS39_HUMAN,VAM6
4135,MAP6,Q96JE9,MAP6_HUMAN,MAP6
4135,MAP6,Q96JE9,MAP6_HUMAN,KIAA1878
80208,SPG11,Q96JI7,SPTCS_HUMAN,SPG11
80208,SPG11,Q96JI7,SPTCS_HUMAN,KIAA1840
81609,SNX27,Q96L92,SNX27_HUMAN,SNX27
81609,SNX27,Q96L92,SNX27_HUMAN,KIAA0488
81609,SNX27,Q96L92,SNX27_HUMAN,My014
203228,C9orf72,Q96LT7,CI072_HUMAN,C9orf72
203228,C9orf72,Q96LT7,CI072_HUMAN,DENND9
203228,C9orf72,Q96LT7,CI072_HUMAN,DENNL72
144577,KICS2,Q96MD2,KICS2_HUMAN,KICS2
144577,KICS2,Q96MD2,KICS2_HUMAN,C12orf66
56834,GPR137,Q96N19,G137A_HUMAN,GPR137
56834,GPR137,Q96N19,G137A_HUMAN,C11orf4
56834,GPR137,Q96N19,G137A_HUMAN,GPR137A
56834,GPR137,Q96N19,G137A_HUMAN,TM7SF1L1
83547,RILP,Q96NA2,RILP_HUMAN,RILP
83547,RILP,Q96NA2,RILP_HUMAN,PP10141
84317,CCDC115,Q96NT0,CC115_HUMAN,CCDC115
84079,ANKRD27,Q96NW4,ANR27_HUMAN,ANKRD27
84079,ANKRD27,Q96NW4,ANR27_HUMAN,PP12899
130340,AP1S3,Q96PC3,AP1S3_HUMAN,AP1S3
23049,SMG1,Q96Q15,SMG1_HUMAN,SMG1
23049,SMG1,Q96Q15,SMG1_HUMAN,ATX
23049,SMG1,Q96Q15,SMG1_HUMAN,KIAA0421
23049,SMG1,Q96Q15,SMG1_HUMAN,LIP
55737,VPS35,Q96QK1,VPS35_HUMAN,VPS35
55737,VPS35,Q96QK1,VPS35_HUMAN,MEM3
55737,VPS35,Q96QK1,VPS35_HUMAN,TCCCTA00141
23230,VPS13A,Q96RL7,VP13A_HUMAN,VPS13A
23230,VPS13A,Q96RL7,VP13A_HUMAN,CHAC
23230,VPS13A,Q96RL7,VP13A_HUMAN,KIAA0986
259307,IL4I1,Q96RQ9,OXLA_HUMAN,IL4I1
259307,IL4I1,Q96RQ9,OXLA_HUMAN,FIG1
259307,IL4I1,Q96RQ9,OXLA_HUMAN,UNQ636/PRO1265
23048,FNBP1,Q96RU3,FNBP1_HUMAN,FNBP1
23048,FNBP1,Q96RU3,FNBP1_HUMAN,FBP17
23048,FNBP1,Q96RU3,FNBP1_HUMAN,KIAA0554
84219,WDR24,Q96S15,WDR24_HUMAN,WDR24
84219,WDR24,Q96S15,WDR24_HUMAN,C16orf21
84219,WDR24,Q96S15,WDR24_HUMAN,JFP7
26750,RPS6KC1,Q96S38,KS6C1_HUMAN,RPS6KC1
26750,RPS6KC1,Q96S38,KS6C1_HUMAN,RPK118
79156,PLEKHF1,Q96S99,PKHF1_HUMAN,PLEKHF1
79156,PLEKHF1,Q96S99,PKHF1_HUMAN,APPD
79156,PLEKHF1,Q96S99,PKHF1_HUMAN,LAPF
79156,PLEKHF1,Q96S99,PKHF1_HUMAN,ZFYVE15
84925,SLC49A4,Q96SL1,DIRC2_HUMAN,SLC49A4
84925,SLC49A4,Q96SL1,DIRC2_HUMAN,DIRC2
533,ATP6V0B,Q99437,VATO_HUMAN,ATP6V0B
533,ATP6V0B,Q99437,VATO_HUMAN,ATP6F
4758,NEU1,Q99519,NEUR1_HUMAN,NEU1
4758,NEU1,Q99519,NEUR1_HUMAN,NANH
6272,SORT1,Q99523,SORT_HUMAN,SORT1
2852,GPER1,Q99527,GPER1_HUMAN,GPER1
2852,GPER1,Q99527,GPER1_HUMAN,CEPR
2852,GPER1,Q99527,GPER1_HUMAN,CMKRL2
2852,GPER1,Q99527,GPER1_HUMAN,DRY12
2852,GPER1,Q99527,GPER1_HUMAN,GPER
2852,GPER1,Q99527,GPER1_HUMAN,GPR30
5641,LGMN,Q99538,LGMN_HUMAN,LGMN
5641,LGMN,Q99538,LGMN_HUMAN,PRSC1
30849,PIK3R4,Q99570,PI3R4_HUMAN,PIK3R4
30849,PIK3R4,Q99570,PI3R4_HUMAN,VPS15
5025,P2RX4,Q99571,P2RX4_HUMAN,P2RX4
1045,CDX2,Q99626,CDX2_HUMAN,CDX2
1045,CDX2,Q99626,CDX2_HUMAN,CDX3
1130,LYST,Q99698,LYST_HUMAN,LYST
1130,LYST,Q99698,LYST_HUMAN,CHS
1130,LYST,Q99698,LYST_HUMAN,CHS1
7781,SLC30A3,Q99726,ZNT3_HUMAN,SLC30A3
7781,SLC30A3,Q99726,ZNT3_HUMAN,ZNT3
9516,LITAF,Q99732,LITAF_HUMAN,LITAF
9516,LITAF,Q99732,LITAF_HUMAN,PIG7
9516,LITAF,Q99732,LITAF_HUMAN,SIMPLE
21,ABCA3,Q99758,ABCA3_HUMAN,ABCA3
21,ABCA3,Q99758,ABCA3_HUMAN,ABC3
7251,TSG101,Q99816,TS101_HUMAN,TSG101
3276,PRMT1,Q99873,ANM1_HUMAN,PRMT1
3276,PRMT1,Q99873,ANM1_HUMAN,HMT2
3276,PRMT1,Q99873,ANM1_HUMAN,HRMT1L2
3276,PRMT1,Q99873,ANM1_HUMAN,IR1B4
6456,SH3GL2,Q99962,SH3G2_HUMAN,SH3GL2
6456,SH3GL2,Q99962,SH3G2_HUMAN,CNSA2
6456,SH3GL2,Q99962,SH3G2_HUMAN,SH3D2A
79109,MAPKAP1,Q9BPZ7,SIN1_HUMAN,MAPKAP1
79109,MAPKAP1,Q9BPZ7,SIN1_HUMAN,MIP1
79109,MAPKAP1,Q9BPZ7,SIN1_HUMAN,SIN1
79036,KXD1,Q9BQD3,KXDL1_HUMAN,KXD1
79036,KXD1,Q9BQD3,KXDL1_HUMAN,C19orf50
79443,FYCO1,Q9BQS8,FYCO1_HUMAN,FYCO1
79443,FYCO1,Q9BQS8,FYCO1_HUMAN,ZFYVE7
55861,DBNDD2,Q9BQY9,DBND2_HUMAN,DBNDD2
55861,DBNDD2,Q9BQY9,DBND2_HUMAN,C20orf35
84313,VPS25,Q9BRG1,VPS25_HUMAN,VPS25
84313,VPS25,Q9BRG1,VPS25_HUMAN,DERP9
84313,VPS25,Q9BRG1,VPS25_HUMAN,EAP20
7780,SLC30A2,Q9BRI3,ZNT2_HUMAN,SLC30A2
7780,SLC30A2,Q9BRI3,ZNT2_HUMAN,ZNT2
80317,ZKSCAN3,Q9BRR0,ZKSC3_HUMAN,ZKSCAN3
80317,ZKSCAN3,Q9BRR0,ZKSC3_HUMAN,ZFP47
80317,ZKSCAN3,Q9BRR0,ZKSC3_HUMAN,ZNF306
80317,ZKSCAN3,Q9BRR0,ZKSC3_HUMAN,ZNF309
80317,ZKSCAN3,Q9BRR0,ZKSC3_HUMAN,ZSCAN13
84292,WDR83,Q9BRX9,WDR83_HUMAN,WDR83
84292,WDR83,Q9BRX9,WDR83_HUMAN,MORG1
84286,TMEM175,Q9BSA9,TM175_HUMAN,TMEM175
84283,TMEM79,Q9BSE2,TMM79_HUMAN,TMEM79
84283,TMEM79,Q9BSE2,TMM79_HUMAN,MATT
23208,SYT11,Q9BT88,SYT11_HUMAN,SYT11
23208,SYT11,Q9BT88,SYT11_HUMAN,KIAA0080
2519,FUCA2,Q9BTY2,FUCO2_HUMAN,FUCA2
2519,FUCA2,Q9BTY2,FUCO2_HUMAN,PSEC0151
2519,FUCA2,Q9BTY2,FUCO2_HUMAN,UNQ227/PRO260
57406,ABHD6,Q9BV23,ABHD6_HUMAN,ABHD6
8673,VAMP8,Q9BV40,VAMP8_HUMAN,VAMP8
64223,MLST8,Q9BVC4,LST8_HUMAN,MLST8
64223,MLST8,Q9BVC4,LST8_HUMAN,GBL
64223,MLST8,Q9BVC4,LST8_HUMAN,LST8
79022,TMEM106C,Q9BVX2,T106C_HUMAN,TMEM106C
79022,TMEM106C,Q9BVX2,T106C_HUMAN,EMOC
66005,CHID1,Q9BWS9,CHID1_HUMAN,CHID1
66005,CHID1,Q9BWS9,CHID1_HUMAN,GL008
66005,CHID1,Q9BWS9,CHID1_HUMAN,PSEC0104
66005,CHID1,Q9BWS9,CHID1_HUMAN,SB139
65018,PINK1,Q9BXM7,PINK1_HUMAN,PINK1
56996,SLC12A9,Q9BXP2,S12A9_HUMAN,SLC12A9
56996,SLC12A9,Q9BXP2,S12A9_HUMAN,CCC6
56996,SLC12A9,Q9BXP2,S12A9_HUMAN,CIP1
9528,TMEM59,Q9BXS4,TMM59_HUMAN,TMEM59
9528,TMEM59,Q9BXS4,TMM59_HUMAN,C1orf8
9528,TMEM59,Q9BXS4,TMM59_HUMAN,HSPC001
9528,TMEM59,Q9BXS4,TMM59_HUMAN,UNQ169/PRO195
8907,AP1M1,Q9BXS5,AP1M1_HUMAN,AP1M1
8907,AP1M1,Q9BXS5,AP1M1_HUMAN,CLTNM
29082,CHMP4A,Q9BY43,CHM4A_HUMAN,CHMP4A
29082,CHMP4A,Q9BY43,CHM4A_HUMAN,C14orf123
29082,CHMP4A,Q9BY43,CHM4A_HUMAN,SHAX2
29082,CHMP4A,Q9BY43,CHM4A_HUMAN,CDA04
29082,CHMP4A,Q9BY43,CHM4A_HUMAN,HSPC134
63910,SLC17A9,Q9BYT1,S17A9_HUMAN,SLC17A9
63910,SLC17A9,Q9BYT1,S17A9_HUMAN,C20orf59
20,ABCA2,Q9BZC7,ABCA2_HUMAN,ABCA2
20,ABCA2,Q9BZC7,ABCA2_HUMAN,ABC2
20,ABCA2,Q9BZC7,ABCA2_HUMAN,KIAA1062
55315,SLC29A3,Q9BZD2,S29A3_HUMAN,SLC29A3
55315,SLC29A3,Q9BZD2,S29A3_HUMAN,ENT3
55315,SLC29A3,Q9BZD2,S29A3_HUMAN,UNQ717/PRO1380
83871,RAB34,Q9BZG1,RAB34_HUMAN,RAB34
83871,RAB34,Q9BZG1,RAB34_HUMAN,RAB39
83871,RAB34,Q9BZG1,RAB34_HUMAN,RAH
93650,ACP4,Q9BZG2,PPAT_HUMAN,ACP4
93650,ACP4,Q9BZG2,PPAT_HUMAN,ACPT
80700,UBXN6,Q9BZV1,UBXN6_HUMAN,UBXN6
80700,UBXN6,Q9BZV1,UBXN6_HUMAN,UBXD1
80700,UBXN6,Q9BZV1,UBXN6_HUMAN,UBXDC2
64116,SLC39A8,Q9C0K1,S39A8_HUMAN,SLC39A8
64116,SLC39A8,Q9C0K1,S39A8_HUMAN,BIGM103
64116,SLC39A8,Q9C0K1,S39A8_HUMAN,ZIP8
64116,SLC39A8,Q9C0K1,S39A8_HUMAN,PP3105
64129,TINAGL1,Q9GZM7,TINAL_HUMAN,TINAGL1
64129,TINAGL1,Q9GZM7,TINAL_HUMAN,GIS5
64129,TINAGL1,Q9GZM7,TINAL_HUMAN,LCN7
64129,TINAGL1,Q9GZM7,TINAL_HUMAN,OLRG2
64129,TINAGL1,Q9GZM7,TINAL_HUMAN,TINAGL
64129,TINAGL1,Q9GZM7,TINAL_HUMAN,PP6614
64129,TINAGL1,Q9GZM7,TINAL_HUMAN,PSEC0088
64129,TINAGL1,Q9GZM7,TINAL_HUMAN,UNQ204/PRO230
81565,NDEL1,Q9GZM8,NDEL1_HUMAN,NDEL1
81565,NDEL1,Q9GZM8,NDEL1_HUMAN,EOPA
81565,NDEL1,Q9GZM8,NDEL1_HUMAN,MITAP1
81565,NDEL1,Q9GZM8,NDEL1_HUMAN,NUDEL
57192,MCOLN1,Q9GZU1,MCLN1_HUMAN,MCOLN1
57192,MCOLN1,Q9GZU1,MCLN1_HUMAN,ML4
57192,MCOLN1,Q9GZU1,MCLN1_HUMAN,TRPML1
57192,MCOLN1,Q9GZU1,MCLN1_HUMAN,MSTP080
64837,KLC2,Q9H0B6,KLC2_HUMAN,KLC2
55745,AP5M1,Q9H0R1,AP5M1_HUMAN,AP5M1
55745,AP5M1,Q9H0R1,AP5M1_HUMAN,C14orf108
55745,AP5M1,Q9H0R1,AP5M1_HUMAN,MUDENG
81622,UNC93B1,Q9H1C4,UN93B_HUMAN,UNC93B1
81622,UNC93B1,Q9H1C4,UN93B_HUMAN,UNC93
81622,UNC93B1,Q9H1C4,UN93B_HUMAN,UNC93B
63971,KIF13A,Q9H1H9,KI13A_HUMAN,KIF13A
63971,KIF13A,Q9H1H9,KI13A_HUMAN,RBKIN
64145,RBSN,Q9H1K0,RBNS5_HUMAN,RBSN
64145,RBSN,Q9H1K0,RBNS5_HUMAN,ZFYVE20
26276,VPS33B,Q9H267,VP33B_HUMAN,VPS33B
64601,VPS16,Q9H269,VPS16_HUMAN,VPS16
55823,VPS11,Q9H270,VPS11_HUMAN,VPS11
55823,VPS11,Q9H270,VPS11_HUMAN,RNF108
55823,VPS11,Q9H270,VPS11_HUMAN,PP3476
83985,SPNS1,Q9H2V7,SPNS1_HUMAN,SPNS1
83985,SPNS1,Q9H2V7,SPNS1_HUMAN,SPIN1
83985,SPNS1,Q9H2V7,SPNS1_HUMAN,PP20300
29965,CDIP1,Q9H305,CDIP1_HUMAN,CDIP1
29965,CDIP1,Q9H305,CDIP1_HUMAN,C16orf5
29965,CDIP1,Q9H305,CDIP1_HUMAN,CDIP
29965,CDIP1,Q9H305,CDIP1_HUMAN,LITAFL
64747,MFSD1,Q9H3U5,MFSD1_HUMAN,MFSD1
64747,MFSD1,Q9H3U5,MFSD1_HUMAN,SMAP4
64747,MFSD1,Q9H3U5,MFSD1_HUMAN,UG0581B09
128866,CHMP4B,Q9H444,CHM4B_HUMAN,CHMP4B
128866,CHMP4B,Q9H444,CHM4B_HUMAN,C20orf178
128866,CHMP4B,Q9H444,CHM4B_HUMAN,SHAX1
10193,RNF41,Q9H4P4,RNF41_HUMAN,RNF41
10193,RNF41,Q9H4P4,RNF41_HUMAN,FLRF
10193,RNF41,Q9H4P4,RNF41_HUMAN,NRDP1
10193,RNF41,Q9H4P4,RNF41_HUMAN,SBBI03
26001,RNF167,Q9H6Y7,RN167_HUMAN,RNF167
26001,RNF167,Q9H6Y7,RN167_HUMAN,RING105
26001,RNF167,Q9H6Y7,RN167_HUMAN,LP2254
80183,RUBCNL,Q9H714,PACER_HUMAN,RUBCNL
80183,RUBCNL,Q9H714,PACER_HUMAN,C13orf18
80183,RUBCNL,Q9H714,PACER_HUMAN,KIAA0226L
84141,EVA1A,Q9H8M9,EVA1A_HUMAN,EVA1A
84141,EVA1A,Q9H8M9,EVA1A_HUMAN,FAM176A
84141,EVA1A,Q9H8M9,EVA1A_HUMAN,TMEM166
84141,EVA1A,Q9H8M9,EVA1A_HUMAN,SP24
64400,AKTIP,Q9H8T0,AKTIP_HUMAN,AKTIP
64400,AKTIP,Q9H8T0,AKTIP_HUMAN,FTS
79666,PLEKHF2,Q9H8W4,PKHF2_HUMAN,PLEKHF2
79666,PLEKHF2,Q9H8W4,PKHF2_HUMAN,ZFYVE18
64844,MARCHF7,Q9H992,MARH7_HUMAN,MARCHF7
64844,MARCHF7,Q9H992,MARH7_HUMAN,AXOT
64844,MARCHF7,Q9H992,MARH7_HUMAN,7-Mar
64844,MARCHF7,Q9H992,MARH7_HUMAN,RNF177
63894,VIPAS39,Q9H9C1,SPE39_HUMAN,VIPAS39
63894,VIPAS39,Q9H9C1,SPE39_HUMAN,C14orf133
63894,VIPAS39,Q9H9C1,SPE39_HUMAN,SPE39
63894,VIPAS39,Q9H9C1,SPE39_HUMAN,VIPAR
55255,WDR41,Q9HAD4,WDR41_HUMAN,WDR41
55255,WDR41,Q9HAD4,WDR41_HUMAN,MSTP048
80231,TASL,Q9HAI6,TASL_HUMAN,TASL
80231,TASL,Q9HAI6,TASL_HUMAN,CXorf21
54414,SIAE,Q9HAT2,SIAE_HUMAN,SIAE
54414,SIAE,Q9HAT2,SIAE_HUMAN,YSG2
64121,RRAGC,Q9HB90,RRAGC_HUMAN,RRAGC
57724,EPG5,Q9HCE0,EPG5_HUMAN,EPG5
57724,EPG5,Q9HCE0,EPG5_HUMAN,KIAA1632
58986,PGAP6,Q9HCN3,PGAP6_HUMAN,PGAP6
58986,PGAP6,Q9HCN3,PGAP6_HUMAN,TMEM6
58986,PGAP6,Q9HCN3,PGAP6_HUMAN,TMEM8
58986,PGAP6,Q9HCN3,PGAP6_HUMAN,TMEM8A
5119,CHMP1A,Q9HD42,CHM1A_HUMAN,CHMP1A
5119,CHMP1A,Q9HD42,CHM1A_HUMAN,CHMP1
5119,CHMP1A,Q9HD42,CHM1A_HUMAN,KIAA0047
5119,CHMP1A,Q9HD42,CHM1A_HUMAN,PCOLN3
5119,CHMP1A,Q9HD42,CHM1A_HUMAN,PRSM1
57110,PLAAT1,Q9HDD0,PLAT1_HUMAN,PLAAT1
57110,PLAAT1,Q9HDD0,PLAT1_HUMAN,HRASLS
10058,ABCB6,Q9NP58,ABCB6_HUMAN,ABCB6
10058,ABCB6,Q9NP58,ABCB6_HUMAN,MTABC3
10058,ABCB6,Q9NP58,ABCB6_HUMAN,PRP
10058,ABCB6,Q9NP58,ABCB6_HUMAN,UMAT
23457,ABCB9,Q9NP78,ABCB9_HUMAN,ABCB9
23457,ABCB9,Q9NP78,ABCB9_HUMAN,KIAA1520
51209,RAB9B,Q9NP90,RAB9B_HUMAN,RAB9B
51209,RAB9B,Q9NP90,RAB9B_HUMAN,RAB9L
23400,ATP13A2,Q9NQ11,AT132_HUMAN,ATP13A2
23400,ATP13A2,Q9NQ11,AT132_HUMAN,PARK9
56674,TMEM9B,Q9NQ34,TMM9B_HUMAN,TMEM9B
56674,TMEM9B,Q9NQ34,TMM9B_HUMAN,C11orf15
56674,TMEM9B,Q9NQ34,TMM9B_HUMAN,UNQ712/PRO1375
57142,RTN4,Q9NQC3,RTN4_HUMAN,RTN4
57142,RTN4,Q9NQC3,RTN4_HUMAN,KIAA0886
57142,RTN4,Q9NQC3,RTN4_HUMAN,NOGO
57142,RTN4,Q9NQC3,RTN4_HUMAN,My043
57142,RTN4,Q9NQC3,RTN4_HUMAN,SP1507
89781,HPS4,Q9NQG7,HPS4_HUMAN,HPS4
89781,HPS4,Q9NQG7,HPS4_HUMAN,KIAA1667
58528,RRAGD,Q9NQL2,RRAGD_HUMAN,RRAGD
81618,ITM2C,Q9NQX7,ITM2C_HUMAN,ITM2C
81618,ITM2C,Q9NQX7,ITM2C_HUMAN,BRI3
81618,ITM2C,Q9NQX7,ITM2C_HUMAN,hucep-14
81618,ITM2C,Q9NQX7,ITM2C_HUMAN,NPD018
81618,ITM2C,Q9NQX7,ITM2C_HUMAN,PSEC0047
56681,SAR1A,Q9NR31,SAR1A_HUMAN,SAR1A
56681,SAR1A,Q9NR31,SAR1A_HUMAN,SAR1
56681,SAR1A,Q9NR31,SAR1A_HUMAN,SARA
56681,SAR1A,Q9NR31,SAR1A_HUMAN,SARA1
54106,TLR9,Q9NR96,TLR9_HUMAN,TLR9
54106,TLR9,Q9NR96,TLR9_HUMAN,UNQ5798/PRO19605
56848,SPHK2,Q9NRA0,SPHK2_HUMAN,SPHK2
56848,SPHK2,Q9NRA0,SPHK2_HUMAN,SK2
26503,SLC17A5,Q9NRA2,S17A5_HUMAN,SLC17A5
56893,UBQLN4,Q9NRR5,UBQL4_HUMAN,UBQLN4
56893,UBQLN4,Q9NRR5,UBQL4_HUMAN,C1orf6
56893,UBQLN4,Q9NRR5,UBQL4_HUMAN,CIP75
56893,UBQLN4,Q9NRR5,UBQL4_HUMAN,UBIN
11311,VPS45,Q9NRW7,VPS45_HUMAN,VPS45
11311,VPS45,Q9NRW7,VPS45_HUMAN,VPS45A
11311,VPS45,Q9NRW7,VPS45_HUMAN,VPS45B
11277,TREX1,Q9NSU2,TREX1_HUMAN,TREX1
81624,DIAPH3,Q9NSV4,DIAP3_HUMAN,DIAPH3
81624,DIAPH3,Q9NSV4,DIAP3_HUMAN,DIAP3
64422,ATG3,Q9NT62,ATG3_HUMAN,ATG3
64422,ATG3,Q9NT62,ATG3_HUMAN,APG3
64422,ATG3,Q9NT62,ATG3_HUMAN,APG3L
55337,SHFL,Q9NUL5,SHFL_HUMAN,SHFL
55337,SHFL,Q9NUL5,SHFL_HUMAN,C19orf66
55337,SHFL,Q9NUL5,SHFL_HUMAN,FLJ11286
55337,SHFL,Q9NUL5,SHFL_HUMAN,IRAV
55337,SHFL,Q9NUL5,SHFL_HUMAN,RYDEN
55337,SHFL,Q9NUL5,SHFL_HUMAN,SFL
54664,TMEM106B,Q9NUM4,T106B_HUMAN,TMEM106B
55788,LMBRD1,Q9NUN5,LMBD1_HUMAN,LMBRD1
55788,LMBRD1,Q9NUN5,LMBD1_HUMAN,C6orf209
55788,LMBRD1,Q9NUN5,LMBD1_HUMAN,NESI
55788,LMBRD1,Q9NUN5,LMBD1_HUMAN,BM-021
55788,LMBRD1,Q9NUN5,LMBD1_HUMAN,CD001
55788,LMBRD1,Q9NUN5,LMBD1_HUMAN,MSTP044
55317,AP5S1,Q9NUS5,AP5S1_HUMAN,AP5S1
55317,AP5S1,Q9NUS5,AP5S1_HUMAN,C20orf29
55238,SLC38A7,Q9NVC3,S38A7_HUMAN,SLC38A7
55238,SLC38A7,Q9NVC3,S38A7_HUMAN,SNAT7
55207,ARL8B,Q9NVJ2,ARL8B_HUMAN,ARL8B
55207,ARL8B,Q9NVJ2,ARL8B_HUMAN,ARL10C
55207,ARL8B,Q9NVJ2,ARL8B_HUMAN,GIE1
54476,RNF216,Q9NWF9,RN216_HUMAN,RNF216
54476,RNF216,Q9NWF9,RN216_HUMAN,TRIAD3
54476,RNF216,Q9NWF9,RN216_HUMAN,UBCE7IP1
54476,RNF216,Q9NWF9,RN216_HUMAN,ZIN
54982,CLN6,Q9NWW5,CLN6_HUMAN,CLN6
54940,OCIAD1,Q9NX40,OCAD1_HUMAN,OCIAD1
54940,OCIAD1,Q9NX40,OCAD1_HUMAN,ASRIJ
54940,OCIAD1,Q9NX40,OCAD1_HUMAN,OCIA
55647,RAB20,Q9NX57,RAB20_HUMAN,RAB20
54468,MIOS,Q9NXC5,MIOS_HUMAN,MIOS
8877,SPHK1,Q9NYA1,SPHK1_HUMAN,SPHK1
8877,SPHK1,Q9NYA1,SPHK1_HUMAN,SK1
8877,SPHK1,Q9NYA1,SPHK1_HUMAN,SPHK
8877,SPHK1,Q9NYA1,SPHK1_HUMAN,SPK
51339,DACT1,Q9NYF0,DACT1_HUMAN,DACT1
51339,DACT1,Q9NYF0,DACT1_HUMAN,DPR1
51339,DACT1,Q9NYF0,DACT1_HUMAN,HNG3
23118,TAB2,Q9NYJ8,TAB2_HUMAN,TAB2
23118,TAB2,Q9NYJ8,TAB2_HUMAN,KIAA0733
23118,TAB2,Q9NYJ8,TAB2_HUMAN,MAP3K7IP2
51284,TLR7,Q9NYK1,TLR7_HUMAN,TLR7
51284,TLR7,Q9NYK1,TLR7_HUMAN,UNQ248/PRO285
23163,GGA3,Q9NZ52,GGA3_HUMAN,GGA3
23163,GGA3,Q9NZ52,GGA3_HUMAN,KIAA0154
51741,WWOX,Q9NZC7,WWOX_HUMAN,WWOX
51741,WWOX,Q9NZC7,WWOX_HUMAN,FOR
51741,WWOX,Q9NZC7,WWOX_HUMAN,SDR41C1
51741,WWOX,Q9NZC7,WWOX_HUMAN,WOX1
30845,EHD3,Q9NZN3,EHD3_HUMAN,EHD3
30845,EHD3,Q9NZN3,EHD3_HUMAN,EHD2
30845,EHD3,Q9NZN3,EHD3_HUMAN,PAST3
51510,CHMP5,Q9NZZ3,CHMP5_HUMAN,CHMP5
51510,CHMP5,Q9NZZ3,CHMP5_HUMAN,C9orf83
51510,CHMP5,Q9NZZ3,CHMP5_HUMAN,SNF7DC2
51510,CHMP5,Q9NZZ3,CHMP5_HUMAN,CGI-34
51510,CHMP5,Q9NZZ3,CHMP5_HUMAN,HSPC177
51510,CHMP5,Q9NZZ3,CHMP5_HUMAN,PNAS-114
51510,CHMP5,Q9NZZ3,CHMP5_HUMAN,PNAS-2
56888,KCMF1,Q9P0J7,KCMF1_HUMAN,KCMF1
56888,KCMF1,Q9P0J7,KCMF1_HUMAN,FIGC
56888,KCMF1,Q9P0J7,KCMF1_HUMAN,ZZZ1
51257,MARCHF2,Q9P0N8,MARH2_HUMAN,MARCHF2
51257,MARCHF2,Q9P0N8,MARH2_HUMAN,2-Mar
51257,MARCHF2,Q9P0N8,MARH2_HUMAN,RNF172
51257,MARCHF2,Q9P0N8,MARH2_HUMAN,HSPC240
51256,TBC1D7,Q9P0N9,TBCD7_HUMAN,TBC1D7
51256,TBC1D7,Q9P0N9,TBCD7_HUMAN,TBC7
51256,TBC1D7,Q9P0N9,TBCD7_HUMAN,HSPC239
252839,TMEM9,Q9P0T7,TMEM9_HUMAN,TMEM9
252839,TMEM9,Q9P0T7,TMEM9_HUMAN,DERP4
252839,TMEM9,Q9P0T7,TMEM9_HUMAN,TMEM9A
252839,TMEM9,Q9P0T7,TMEM9_HUMAN,HSPC186
252839,TMEM9,Q9P0T7,TMEM9_HUMAN,PSEC0012
252839,TMEM9,Q9P0T7,TMEM9_HUMAN,UNQ631/PRO1248
23677,SH3BP4,Q9P0V3,SH3B4_HUMAN,SH3BP4
23677,SH3BP4,Q9P0V3,SH3B4_HUMAN,BOG25
23677,SH3BP4,Q9P0V3,SH3B4_HUMAN,EHB10
23677,SH3BP4,Q9P0V3,SH3B4_HUMAN,TTP
51542,VPS54,Q9P1Q0,VPS54_HUMAN,VPS54
51542,VPS54,Q9P1Q0,VPS54_HUMAN,HCC8
57617,VPS18,Q9P253,VPS18_HUMAN,VPS18
57617,VPS18,Q9P253,VPS18_HUMAN,KIAA1475
57600,FNIP2,Q9P278,FNIP2_HUMAN,FNIP2
57600,FNIP2,Q9P278,FNIP2_HUMAN,FNIPL
57600,FNIP2,Q9P278,FNIP2_HUMAN,KIAA1450
57600,FNIP2,Q9P278,FNIP2_HUMAN,MAPO1
51520,LARS1,Q9P2J5,SYLC_HUMAN,LARS1
51520,LARS1,Q9P2J5,SYLC_HUMAN,KIAA1352
51520,LARS1,Q9P2J5,SYLC_HUMAN,LARS
51479,ANKFY1,Q9P2R3,ANFY1_HUMAN,ANKFY1
51479,ANKFY1,Q9P2R3,ANFY1_HUMAN,ANKHZN
51479,ANKFY1,Q9P2R3,ANFY1_HUMAN,KIAA1255
7405,UVRAG,Q9P2Y5,UVRAG_HUMAN,UVRAG
5298,PI4KB,Q9UBF8,PI4KB_HUMAN,PI4KB
5298,PI4KB,Q9UBF8,PI4KB_HUMAN,PIK4CB
10013,HDAC6,Q9UBN7,HDAC6_HUMAN,HDAC6
10013,HDAC6,Q9UBN7,HDAC6_HUMAN,KIAA0901
10013,HDAC6,Q9UBN7,HDAC6_HUMAN,JM21
1522,CTSZ,Q9UBR2,CATZ_HUMAN,CTSZ
8722,CTSF,Q9UBX1,CATF_HUMAN,CTSF
2055,CLN8,Q9UBY8,CLN8_HUMAN,CLN8
2055,CLN8,Q9UBY8,CLN8_HUMAN,C8orf61
10490,VTI1B,Q9UEU0,VTI1B_HUMAN,VTI1B
10490,VTI1B,Q9UEU0,VTI1B_HUMAN,VTI1
10490,VTI1B,Q9UEU0,VTI1B_HUMAN,VTI1L
10490,VTI1B,Q9UEU0,VTI1B_HUMAN,VTI1L1
10490,VTI1B,Q9UEU0,VTI1B_HUMAN,VTI2
11182,SLC2A6,Q9UGQ3,GTR6_HUMAN,SLC2A6
11182,SLC2A6,Q9UGQ3,GTR6_HUMAN,GLUT6
10042,HMGXB4,Q9UGU5,HMGX4_HUMAN,HMGXB4
10042,HMGXB4,Q9UGU5,HMGX4_HUMAN,HMG2L1
10042,HMGXB4,Q9UGU5,HMGX4_HUMAN,HMGBCG
8649,LAMTOR3,Q9UHA4,LTOR3_HUMAN,LAMTOR3
8649,LAMTOR3,Q9UHA4,LTOR3_HUMAN,MAP2K1IP1
8649,LAMTOR3,Q9UHA4,LTOR3_HUMAN,MAPKSP1
8649,LAMTOR3,Q9UHA4,LTOR3_HUMAN,PRO2783
29978,UBQLN2,Q9UHD9,UBQL2_HUMAN,UBQLN2
29978,UBQLN2,Q9UHD9,UBQL2_HUMAN,N4BP4
29978,UBQLN2,Q9UHD9,UBQL2_HUMAN,PLIC2
29978,UBQLN2,Q9UHD9,UBQL2_HUMAN,HRIHFB2157
51449,PCYOX1,Q9UHG3,PCYOX_HUMAN,PCYOX1
51449,PCYOX1,Q9UHG3,PCYOX_HUMAN,KIAA0908
51449,PCYOX1,Q9UHG3,PCYOX_HUMAN,PCL1
51449,PCYOX1,Q9UHG3,PCYOX_HUMAN,UNQ597/PRO1183
29952,DPP7,Q9UHL4,DPP2_HUMAN,DPP7
29952,DPP7,Q9UHL4,DPP2_HUMAN,DPP2
29952,DPP7,Q9UHL4,DPP2_HUMAN,QPP
51606,ATP6V1H,Q9UI12,VATH_HUMAN,ATP6V1H
51606,ATP6V1H,Q9UI12,VATH_HUMAN,CGI-11
738,VPS51,Q9UID3,VPS51_HUMAN,VPS51
738,VPS51,Q9UID3,VPS51_HUMAN,ANG2
738,VPS51,Q9UID3,VPS51_HUMAN,C11orf2
738,VPS51,Q9UID3,VPS51_HUMAN,C11orf3
738,VPS51,Q9UID3,VPS51_HUMAN,FFR
738,VPS51,Q9UID3,VPS51_HUMAN,PP5382
51361,HOOK1,Q9UJC3,HOOK1_HUMAN,HOOK1
84572,GNPTG,Q9UJJ9,GNPTG_HUMAN,GNPTG
84572,GNPTG,Q9UJJ9,GNPTG_HUMAN,C16orf27
84572,GNPTG,Q9UJJ9,GNPTG_HUMAN,GNPTAG
84572,GNPTG,Q9UJJ9,GNPTG_HUMAN,CAB56184
84572,GNPTG,Q9UJJ9,GNPTG_HUMAN,LP2537
24141,LAMP5,Q9UJQ1,LAMP5_HUMAN,LAMP5
24141,LAMP5,Q9UJQ1,LAMP5_HUMAN,C20orf103
27283,TINAG,Q9UJW2,TINAG_HUMAN,TINAG
23062,GGA2,Q9UJY4,GGA2_HUMAN,GGA2
23062,GGA2,Q9UJY4,GGA2_HUMAN,KIAA1080
26088,GGA1,Q9UJY5,GGA1_HUMAN,GGA1
51172,NAGPA,Q9UK23,NAGPA_HUMAN,NAGPA
23011,RAB21,Q9UL25,RAB21_HUMAN,RAB21
23011,RAB21,Q9UL25,RAB21_HUMAN,KIAA0118
26258,BLOC1S6,Q9UL45,BL1S6_HUMAN,BLOC1S6
26258,BLOC1S6,Q9UL45,BL1S6_HUMAN,PA
26258,BLOC1S6,Q9UL45,BL1S6_HUMAN,PLDN
53373,TPCN1,Q9ULQ1,TPC1_HUMAN,TPCN1
53373,TPCN1,Q9ULQ1,TPC1_HUMAN,KIAA1169
53373,TPCN1,Q9ULQ1,TPC1_HUMAN,TPC1
54749,EPDR1,Q9UM22,EPDR1_HUMAN,EPDR1
54749,EPDR1,Q9UM22,EPDR1_HUMAN,MERP1
54749,EPDR1,Q9UM22,EPDR1_HUMAN,UCC1
4646,MYO6,Q9UM54,MYO6_HUMAN,MYO6
4646,MYO6,Q9UM54,MYO6_HUMAN,KIAA0389
9374,PPT2,Q9UMR5,PPT2_HUMAN,PPT2
29979,UBQLN1,Q9UMX0,UBQL1_HUMAN,UBQLN1
29979,UBQLN1,Q9UMX0,UBQL1_HUMAN,DA41
29979,UBQLN1,Q9UMX0,UBQL1_HUMAN,PLIC1
27183,VPS4A,Q9UN37,VPS4A_HUMAN,VPS4A
27183,VPS4A,Q9UN37,VPS4A_HUMAN,VPS4
58533,SNX6,Q9UNH7,SNX6_HUMAN,SNX6
9429,ABCG2,Q9UNQ0,ABCG2_HUMAN,ABCG2
9429,ABCG2,Q9UNQ0,ABCG2_HUMAN,ABCP
9429,ABCG2,Q9UNQ0,ABCG2_HUMAN,BCRP
9429,ABCG2,Q9UNQ0,ABCG2_HUMAN,BCRP1
9429,ABCG2,Q9UNQ0,ABCG2_HUMAN,MXR
23431,AP4E1,Q9UPM8,AP4E1_HUMAN,AP4E1
22906,TRAK1,Q9UPV9,TRAK1_HUMAN,TRAK1
22906,TRAK1,Q9UPV9,TRAK1_HUMAN,KIAA1042
22906,TRAK1,Q9UPV9,TRAK1_HUMAN,OIP106
11234,HPS5,Q9UPZ3,HPS5_HUMAN,HPS5
11234,HPS5,Q9UPZ3,HPS5_HUMAN,AIBP63
11234,HPS5,Q9UPZ3,HPS5_HUMAN,KIAA1017
10825,NEU3,Q9UQ49,NEUR3_HUMAN,NEU3
25978,CHMP2B,Q9UQN3,CHM2B_HUMAN,CHMP2B
25978,CHMP2B,Q9UQN3,CHM2B_HUMAN,CGI-84
27074,LAMP3,Q9UQV4,LAMP3_HUMAN,LAMP3
27074,LAMP3,Q9UQV4,LAMP3_HUMAN,DCLAMP
27074,LAMP3,Q9UQV4,LAMP3_HUMAN,TSC403
9583,ENTPD4,Q9Y227,ENTP4_HUMAN,ENTPD4
9583,ENTPD4,Q9Y227,ENTP4_HUMAN,KIAA0392
9583,ENTPD4,Q9Y227,ENTP4_HUMAN,LALP70
9583,ENTPD4,Q9Y227,ENTP4_HUMAN,LYSAL1
80342,TRAF3IP3,Q9Y228,T3JAM_HUMAN,TRAF3IP3
80342,TRAF3IP3,Q9Y228,T3JAM_HUMAN,T3JAM
10855,HPSE,Q9Y251,HPSE_HUMAN,HPSE
10855,HPSE,Q9Y251,HPSE_HUMAN,HEP
10855,HPSE,Q9Y251,HPSE_HUMAN,HPA
10855,HPSE,Q9Y251,HPSE_HUMAN,HPA1
10855,HPSE,Q9Y251,HPSE_HUMAN,HPR1
10855,HPSE,Q9Y251,HPSE_HUMAN,HPSE1
10855,HPSE,Q9Y251,HPSE_HUMAN,HSE1
9424,KCNK6,Q9Y257,KCNK6_HUMAN,KCNK6
9424,KCNK6,Q9Y257,KCNK6_HUMAN,TOSS
9424,KCNK6,Q9Y257,KCNK6_HUMAN,TWIK2
23324,MAN2B2,Q9Y2E5,MA2B2_HUMAN,MAN2B2
23324,MAN2B2,Q9Y2E5,MA2B2_HUMAN,KIAA0935
200576,PIKFYVE,Q9Y2I7,FYV1_HUMAN,PIKFYVE
200576,PIKFYVE,Q9Y2I7,FYV1_HUMAN,KIAA0981
200576,PIKFYVE,Q9Y2I7,FYV1_HUMAN,PIP5K3
28956,LAMTOR2,Q9Y2Q5,LTOR2_HUMAN,LAMTOR2
28956,LAMTOR2,Q9Y2Q5,LTOR2_HUMAN,MAPBPIP
28956,LAMTOR2,Q9Y2Q5,LTOR2_HUMAN,ROBLD3
28956,LAMTOR2,Q9Y2Q5,LTOR2_HUMAN,HSPC003
26985,AP3M1,Q9Y2T2,AP3M1_HUMAN,AP3M1
51617,NSG2,Q9Y328,NSG2_HUMAN,NSG2
51617,NSG2,Q9Y328,NSG2_HUMAN,CALY3
100526767;51652,CHMP3,Q9Y3E7,CHMP3_HUMAN,CHMP3
100526767;51652,CHMP3,Q9Y3E7,CHMP3_HUMAN,CGI149
100526767;51652,CHMP3,Q9Y3E7,CHMP3_HUMAN,NEDF
100526767;51652,CHMP3,Q9Y3E7,CHMP3_HUMAN,VPS24
100526767;51652,CHMP3,Q9Y3E7,CHMP3_HUMAN,CGI-149
4759,NEU2,Q9Y3R4,NEUR2_HUMAN,NEU2
9842,PLEKHM1,Q9Y4G2,PKHM1_HUMAN,PLEKHM1
9842,PLEKHM1,Q9Y4G2,PKHM1_HUMAN,KIAA0356
27246,RNF115,Q9Y4L5,RN115_HUMAN,RNF115
27246,RNF115,Q9Y4L5,RN115_HUMAN,ZNF364
25974,MMACHC,Q9Y4U1,MMAC_HUMAN,MMACHC
51127,TRIM17,Q9Y577,TRI17_HUMAN,TRIM17
51127,TRIM17,Q9Y577,TRI17_HUMAN,RBCC
51127,TRIM17,Q9Y577,TRI17_HUMAN,RNF16
51127,TRIM17,Q9Y577,TRI17_HUMAN,TERF
11154,AP4S1,Q9Y587,AP4S1_HUMAN,AP4S1
57231,SNX14,Q9Y5W7,SNX14_HUMAN,SNX14
29916,SNX11,Q9Y5W9,SNX11_HUMAN,SNX11
10404,CPQ,Q9Y646,CBPQ_HUMAN,CPQ
10404,CPQ,Q9Y646,CBPQ_HUMAN,LCH1
10404,CPQ,Q9Y646,CBPQ_HUMAN,PGCP
11133,KPTN,Q9Y664,KPTN_HUMAN,KPTN
51128,SAR1B,Q9Y6B6,SAR1B_HUMAN,SAR1B
51128,SAR1B,Q9Y6B6,SAR1B_HUMAN,SARA2
51128,SAR1B,Q9Y6B6,SAR1B_HUMAN,SARB
10717,AP4B1,Q9Y6B7,AP4B1_HUMAN,AP4B1
9992,KCNE2,Q9Y6J6,KCNE2_HUMAN,KCNE2
10053,AP1M2,Q9Y6Q5,AP1M2_HUMAN,AP1M2
158376,SPAAR,A0A1B0GVQ0,SPAR_HUMAN,SPAAR
158376,SPAAR,A0A1B0GVQ0,SPAR_HUMAN,LINC00961
158376,SPAAR,A0A1B0GVQ0,SPAR_HUMAN,SPAR
22898,DENND3,A2RUS2,DEND3_HUMAN,DENND3
22898,DENND3,A2RUS2,DEND3_HUMAN,KIAA0870
222223,ELAPOR2,A8MWY0,ELAP2_HUMAN,ELAPOR2
222223,ELAPOR2,A8MWY0,ELAP2_HUMAN,EIG121L
222223,ELAPOR2,A8MWY0,ELAP2_HUMAN,KIAA1324L
441027,TMEM150C,B9EJG8,T150C_HUMAN,TMEM150C
441027,TMEM150C,B9EJG8,T150C_HUMAN,TTN3
10548,TM9SF1,O15321,TM9S1_HUMAN,TM9SF1
414,ARSD,P51689,ARSD_HUMAN,ARSD
221960;51622,CCZ1,P86791,CCZ1_HUMAN,CCZ1
221960;51622,CCZ1,P86791,CCZ1_HUMAN,C7orf28A
221960;51622,CCZ1,P86791,CCZ1_HUMAN,CGI-43
1486,CTBS,Q01459,DIAC_HUMAN,CTBS
1486,CTBS,Q01459,DIAC_HUMAN,CTB
768239,PSAPL1,Q6NUJ1,SAPL1_HUMAN,PSAPL1
58511,DNASE2B,Q8WZ79,DNS2B_HUMAN,DNASE2B
58511,DNASE2B,Q8WZ79,DNS2B_HUMAN,DLAD
119032,BORCS7,Q96B45,BORC7_HUMAN,BORCS7
119032,BORCS7,Q96B45,BORC7_HUMAN,C10orf32
157753,TMEM74,Q96NL1,TMM74_HUMAN,TMEM74
54504,CPVL,Q9H3G5,CPVL_HUMAN,CPVL
54504,CPVL,Q9H3G5,CPVL_HUMAN,VLP
54504,CPVL,Q9H3G5,CPVL_HUMAN,PSEC0124
54504,CPVL,Q9H3G5,CPVL_HUMAN,UNQ197/PRO223
10279,PRSS16,Q9NQE7,TSSP_HUMAN,PRSS16
10279,PRSS16,Q9NQE7,TSSP_HUMAN,TSSP
55330,BLOC1S4,Q9NUP1,BL1S4_HUMAN,BLOC1S4
55330,BLOC1S4,Q9NUP1,BL1S4_HUMAN,CNO
54847,SIDT1,Q9NXL6,SIDT1_HUMAN,SIDT1
56112,PCDHGA3,Q9Y5H0,PCDG3_HUMAN,PCDHGA3
221960,CCZ1B,P86790,CCZ1B_HUMAN,CCZ1B
221960,CCZ1B,P86790,CCZ1B_HUMAN,C7orf28B
132299,OCIAD2,Q56VL3,OCAD2_HUMAN,OCIAD2
203197,TMEM268,Q5VZI3,TM268_HUMAN,TMEM268
203197,TMEM268,Q5VZI3,TM268_HUMAN,C9orf91
283554,GPR137C,Q8N3F9,G137C_HUMAN,GPR137C
283554,GPR137C,Q8N3F9,G137C_HUMAN,TM7SF1L2
53346,TM6SF1,Q9BZW5,TM6S1_HUMAN,TM6SF1
