GeneID,Symbol,Entry,Entry Name,Gene Names
345611,IRGM,A1A4Y4,IRGM_HUMAN,IRGM IFI1 IRGM1 LRG47
23240,TMEM131L,A2VDJ0,T131L_HUMAN,TMEM131L KIAA0922
29062,WDR91,A4D1P6,WDR91_HUMAN,WDR91 HSPC049
441925,BECN2,A8MW95,BECN2_HUMAN,BECN2 BECN1L1 BECN1P1
1777,DNASE2,O00115,DNS2A_HUMAN,DNASE2 DNASE2A DNL2
9179,AP4M1,O00189,AP4M1_HUMAN,AP4M1 MUARP2
8546,AP3B1,O00203,AP3B1_HUMAN,AP3B1 ADTB3A
7099,TLR4,O00206,TLR4_HUMAN,TLR4
406,BMAL1,O00327,BMAL1_HUMAN,BMAL1 ARNTL BHLHE5 MOP3 PASD3
6819,SULT1C2,O00338,ST1C2_HUMAN,SULT1C2 SULT1C1
4126,MANBA,O00462,MANBA_HUMAN,MANBA MANB1
274,BIN1,O00499,BIN1_HUMAN,BIN1 AMPHL
8635,RNASET2,O00584,RNT2_HUMAN,RNASET2 RNASE6PL
10475,TRIM38,O00635,TRI38_HUMAN,TRIM38 RNF15 RORET
4125,MAN2B1,O00754,MA2B1_HUMAN,MAN2B1 LAMAN MANB
8943,AP3D1,O14617,AP3D1_HUMAN,AP3D1 PRO0039
5826,ABCD4,O14678,ABCD4_HUMAN,ABCD4 PXMP1L
1200,TPP1,O14773,TPP1_HUMAN,TPP1 CLN2 GIG1 UNQ267/PRO304
7782,SLC30A4,O14863,ZNT4_HUMAN,SLC30A4 ZNT4
9032,TM4SF5,O14894,T4S5_HUMAN,TM4SF5
9146,HGS,O14964,HGS_HUMAN,HGS HRS
2580,GAK,O14976,GAK_HUMAN,GAK DNAJC26
4864,NPC1,O15118,NPC1_HUMAN,NPC1
8992,ATP6V0E1,O15342,VA0E1_HUMAN,ATP6V0E1 ATP6H ATP6V0E
8417,STX7,O15400,STX7_HUMAN,STX7
1318,SLC31A2,O15432,COPT2_HUMAN,SLC31A2 COPT2 CTR2
8399,PLA2G10,O15496,PA2GX_HUMAN,PLA2G10
9575,CLOCK,O15516,CLOCK_HUMAN,CLOCK BHLHE8 KIAA0334
9907,AP5Z1,O43299,AP5Z1_HUMAN,AP5Z1 KIAA0415 SPG48
10542,LAMTOR5,O43504,LTOR5_HUMAN,LAMTOR5 HBXIP XIP
11342,RNF13,O43567,RNF13_HUMAN,RNF13 RZF
9066,SYT7,O43581,SYT7_HUMAN,SYT7 PCANAP7
27243,CHMP2A,O43633,CHM2A_HUMAN,CHMP2A BC2 CHMP2
164,AP1G1,O43747,AP1G1_HUMAN,AP1G1 ADTG CLAPG1
8405,SPOP,O43791,SPOP_HUMAN,SPOP
8372,HYAL3,O43820,HYAL3_HUMAN,HYAL3 LUCA3
57016,AKR1B10,O60218,AK1BA_HUMAN,AKR1B10 AKR1B11
5071,PRKN,O60260,PRKN_HUMAN,PRKN PARK2
9043,SPAG9,O60271,JIP4_HUMAN,SPAG9 HSS KIAA0516 MAPK8IP4 SYD1 HLC6
23295,MGRN1,O60291,MGRN1_HUMAN,MGRN1 KIAA0544 RNF156
66008,TRAK2,O60296,TRAK2_HUMAN,TRAK2 ALS2CR3 KIAA0549
7107,GPR137B,O60478,G137B_HUMAN,GPR137B TM7SF1
8029,CUBN,O60494,CUBN_HUMAN,CUBN IFCR
10103,TSPAN1,O60635,TSN1_HUMAN,TSPAN1
9214,FCMR,O60667,FCMR_HUMAN,FCMR FAIM3 TOSO
6643,SNX2,O60749,SNX2_HUMAN,SNX2 TRG9
10043,TOM1,O60784,TOM1_HUMAN,TOM1
10266,RAMP2,O60895,RAMP2_HUMAN,RAMP2
10268,RAMP3,O60896,RAMP3_HUMAN,RAMP3
1515,CTSV,O60911,CATL2_HUMAN,CTSV CATL2 CTSL2 CTSU UNQ268/PRO305
1497,CTNS,O60931,CTNS_HUMAN,CTNS
4286,MITF,O75030,MITF_HUMAN,MITF BHLHE32
9829,DNAJC6,O75061,AUXI_HUMAN,DNAJC6 KIAA0473
9475,ROCK2,O75116,ROCK2_HUMAN,ROCK2 KIAA0619
9681,DEPDC5,O75140,DEPD5_HUMAN,DEPDC5 KIAA0645
219333,USP12,O75317,UBP12_HUMAN,USP12 UBH1 USP12L1
9550,ATP6V1G1,O75348,VATG1_HUMAN,ATP6V1G1 ATP6G ATP6G1 ATP6J
9525,VPS4B,O75351,VPS4B_HUMAN,VPS4B SKD1 VPS42 MIG1
8674,VAMP4,O75379,VAMP4_HUMAN,VAMP4
9559,VPS26A,O75436,VP26A_HUMAN,VPS26A VPS26
1203,CLN5,O75503,CLN5_HUMAN,CLN5 BMPS
10040,TOM1L1,O75674,TM1L1_HUMAN,TOM1L1 SRCASM
10159,ATP6AP2,O75787,RENR_HUMAN,ATP6AP2 ATP6IP2 CAPER ELDF10 HT028 MSTP009 PSEC0072
8906,AP1G2,O75843,AP1G2_HUMAN,AP1G2
8530,CST7,O76096,CYTF_HUMAN,CST7
7226,TRPM2,O94759,TRPM2_HUMAN,TRPM2 EREG1 KNP3 LTRPC2 TRPC7
23120,ATP10B,O94823,AT10B_HUMAN,ATP10B ATPVB KIAA0715
9725,TMEM63A,O94886,CSCL1_HUMAN,TMEM63A KIAA0489 KIAA0792
11337,GABARAP,O95166,GBRAP_HUMAN,GABARAP FLC3B HT004
23557,SNAPIN,O95295,SNAPN_HUMAN,SNAPIN BLOC1S7 SNAP25BP SNAPAP
25798,BRI3,O95415,BRI3_HUMAN,BRI3
19,ABCA1,O95477,ABCA1_HUMAN,ABCA1 ABC1 CERP
9342,SNAP29,O95721,SNP29_HUMAN,SNAP29
8915,BCL10,O95999,BCL10_HUMAN,BCL10 CIPER CLAP
9476,NAPSA,O96009,NAPSA_HUMAN,NAPSA NAP1 NAPA
100,ADA,P00813,ADA_HUMAN,ADA ADA1
3949,LDLR,P01130,LDLR_HUMAN,LDLR
3553,IL1B,P01584,IL1B_HUMAN,IL1B IL1F2
3122,HLA-DRA,P01903,DRA_HUMAN,HLA-DRA HLA-DRA1
3118,HLA-DQA2,P01906,DQA2_HUMAN,HLA-DQA2 HLA-DXA
3117,HLA-DQA1,P01909,DQA1_HUMAN,HLA-DQA1
3123,HLA-DRB1,P01911,DRB1_HUMAN,HLA-DRB1
3119,HLA-DQB1,P01920,DQB1_HUMAN,HLA-DQB1 HLA-DQB
1410,CRYAB,P02511,CRYAB_HUMAN,CRYAB CRYA2 HSPB5
2512,FTL,P02792,FRIL_HUMAN,FTL
2495,FTH1,P02794,FRIH_HUMAN,FTH1 FTH FTHL6 OK/SW-cl.84 PIG15
2629,GBA1,P04062,GBA1_HUMAN,GBA1 GBA GC GLUC
2517,FUCA1,P04066,FUCO_HUMAN,FUCA1 Nbla10230
972,CD74,P04233,HG2A_HUMAN,CD74 DHLAG
3115,HLA-DPB1,P04440,DPB1_HUMAN,HLA-DPB1 HLA-DP1B
6184,RPN1,P04843,RPN1_HUMAN,RPN1
351,APP,P05067,A4_HUMAN,APP A4 AD1
4353,MPO,P05164,PERM_HUMAN,MPO
3120,HLA-DQB2,P05538,DQB2_HUMAN,HLA-DQB2 HLA-DXB
3643,INSR,P06213,INSR_HUMAN,INSR
2717,GLA,P06280,AGAL_HUMAN,GLA
3111,HLA-DOA,P06340,DOA_HUMAN,HLA-DOA HLA-DNA HLA-DZA
3073,HEXA,P06865,HEXA_HUMAN,HEXA
1509,CTSD,P07339,CATD_HUMAN,CTSD CPSD
823,CAPN1,P07384,CAN1_HUMAN,CAPN1 CANPL1 PIG30
154,ADRB2,P07550,ADRB2_HUMAN,ADRB2 ADRB2R B2AR
5660,PSAP,P07602,SAP_HUMAN,PSAP GLBA SAP1
3074,HEXB,P07686,HEXB_HUMAN,HEXB HCC7
1514,CTSL,P07711,CATL1_HUMAN,CTSL CTSL1
1508,CTSB,P07858,CATB_HUMAN,CTSB CPSB
6439,SFTPB,P07988,PSPB_HUMAN,SFTPB SFTP3
6520,SLC3A2,P08195,4F2_HUMAN,SLC3A2 MDU1
2990,GUSB,P08236,BGLR_HUMAN,GUSB
1511,CTSG,P08311,CATG_HUMAN,CTSG
3055,HCK,P08631,HCK_HUMAN,HCK
412,STS,P08842,STS_HUMAN,STS ARSC1
967,CD63,P08962,CD63_HUMAN,CD63 MLA1 TSPAN30
1211,CLTA,P09496,CLCA_HUMAN,CLTA
1212,CLTB,P09497,CLCB_HUMAN,CLTB
5159,PDGFRB,P09619,PGFRB_HUMAN,PDGFRB PDGFR PDGFR1
1512,CTSH,P09668,CATH_HUMAN,CTSH CPSB
7345,UCHL1,P09936,UCHL1_HUMAN,UCHL1
5045,FURIN,P09958,FURIN_HUMAN,FURIN FUR PACE PCSK3
801;805;808,CALM1,P0DP23,CALM1_HUMAN,CALM1 CALM CAM CAM1
801;805;808,CALM2,P0DP24,CALM2_HUMAN,CALM2 CAM2 CAMB
801;805;808,CALM3,P0DP25,CALM3_HUMAN,CALM3 CALML2 CAM3 CAMC CAMIII
5552,SRGN,P10124,SRGN_HUMAN,SRGN PRG PRG1
3002,GZMB,P10144,GRAB_HUMAN,GZMB CGL1 CSPB CTLA1 GRB
6036,RNASE2,P10153,RNAS2_HUMAN,RNASE2 EDN RNS2
2548,GAA,P10253,LYAG_HUMAN,GAA
5476,CTSA,P10619,PPGB_HUMAN,CTSA PPGB
1191,CLU,P10909,CLUS_HUMAN,CLU APOJ CLI KUB1 AAG4
53,ACP2,P11117,PPAL_HUMAN,ACP2
3312,HSPA8,P11142,HSP7C_HUMAN,HSPA8 HSC70 HSP73 HSPA10
3684,ITGAM,P11215,ITAM_HUMAN,ITGAM CD11B CR3A
3916,LAMP1,P11279,LAMP1_HUMAN,LAMP1
3482,IGF2R,P11717,MPRI_HUMAN,IGF2R MPRI
1636,ACE,P12821,ACE_HUMAN,ACE DCP DCP1
6714,SRC,P12931,SRC_HUMAN,SRC SRC1
8519,IFITM1,P13164,IFM1_HUMAN,IFITM1 CD225 IFI17
10437,IFI30,P13284,GILT_HUMAN,IFI30 GILT IP30
3920,LAMP2,P13473,LAMP2_HUMAN,LAMP2
1080,CFTR,P13569,CFTR_HUMAN,CFTR ABCC7
54,ACP5,P13686,PPA5_HUMAN,ACP5
634,CEACAM1,P13688,CEAM1_HUMAN,CEACAM1 BGP BGP1
3126,HLA-DRB4,P13762,DRB4_HUMAN,HLA-DRB4
3112,HLA-DOB,P13765,DOB_HUMAN,HLA-DOB
3292,HSD17B1,P14061,DHB1_HUMAN,HSD17B1 E17KSR EDH17B1 EDH17B2 EDHB17 SDR28C1
5551,PRF1,P14222,PERF_HUMAN,PRF1 PFP
7299,TYR,P14679,TYRO_HUMAN,TYR
3459,IFNGR1,P15260,INGR1_HUMAN,IFNGR1
410,ARSA,P15289,ARSA_HUMAN,ARSA
55,ACP3,P15309,PPAP_HUMAN,ACP3 ACPP
3753,KCNE1,P15382,KCNE1_HUMAN,KCNE1
2799,GNS,P15586,GNS_HUMAN,GNS
913,CD1E,P15812,CD1E_HUMAN,CD1E
912,CD1D,P15813,CD1D_HUMAN,CD1D
411,ARSB,P15848,ARSB_HUMAN,ARSB
2720,GLB1,P16278,BGAL_HUMAN,GLB1 ELNR1
5532,PPP3CB,P16298,PP2BB_HUMAN,PPP3CB CALNA2 CALNB CNA2
4668,NAGA,P17050,NAGAB_HUMAN,NAGA
3454,IFNAR1,P17181,INAR1_HUMAN,IFNAR1 IFNAR
6609,SMPD1,P17405,ASM_HUMAN,SMPD1 ASM
824,CAPN2,P17655,CAN2_HUMAN,CAPN2 CANPL2
2760,GM2A,P17900,SAP3_HUMAN,GM2A
7942,TFEB,P19484,TFEB_HUMAN,TFEB BHLHE35
7030,TFE3,P19532,TFE3_HUMAN,TFE3 BHLHE33
3113,HLA-DPA1,P20036,DPA1_HUMAN,HLA-DPA1 HLA-DP1A HLASB
5864,RAB3A,P20336,RAB3A_HUMAN,RAB3A
9572,NR1D1,P20393,NR1D1_HUMAN,NR1D1 EAR1 HREV THRAL
4074,M6PR,P20645,MPRD_HUMAN,M6PR MPR46 MPRD
2999,GZMH,P20718,GRAH_HUMAN,GZMH CGL2 CTSGL2
175,AGA,P20933,ASPG_HUMAN,AGA
526,ATP6V1B2,P21281,VATB2_HUMAN,ATP6V1B2 ATP6B2 VPP3
528,ATP6V1C1,P21283,VATC1_HUMAN,ATP6V1C1 ATP6C ATP6D VATC
7128,TNFAIP3,P21580,TNAP3_HUMAN,TNFAIP3 OTUD7C
3423,IDS,P22304,IDS_HUMAN,IDS SIDS
3973,LHCGR,P22888,LSHR_HUMAN,LHCGR LCGR LGR2 LHRHR
1393,CRHBP,P24387,CRHBP_HUMAN,CRHBP CRFBP
1520,CTSS,P25774,CATS_HUMAN,CTSS
5595,MAPK3,P27361,MK03_HUMAN,MAPK3 ERK1 PRKM3
527,ATP6V0C,P27449,VATL_HUMAN,ATP6V0C ATP6C ATP6L ATPL
811,CALR,P27797,CALR_HUMAN,CALR CRTC
3108,HLA-DMA,P28067,DMA_HUMAN,HLA-DMA DMA RING6
3109,HLA-DMB,P28068,DMB_HUMAN,HLA-DMB DMB RING7
5594,MAPK1,P28482,MK01_HUMAN,MAPK1 ERK2 PRKM1 PRKM2
2896,GRN,P28799,GRN_HUMAN,GRN
947,CD34,P28906,CD34_HUMAN,CD34
910,CD1B,P29016,CD1B_HUMAN,CD1B
911,CD1C,P29017,CD1C_HUMAN,CD1C
9588,PRDX6,P30041,PRDX6_HUMAN,PRDX6 AOP2 KIAA0106
3134,HLA-F,P30511,HLAF_HUMAN,HLA-F HLA-5.4 HLAF
1992,SERPINB1,P30740,ILEU_HUMAN,SERPINB1 ELANH2 MNEI PI2
207,AKT1,P31749,AKT1_HUMAN,AKT1 PKB RAC
3799,KIF5B,P33176,KINH_HUMAN,KIF5B KNS KNS1
4363,ABCC1,P33527,MRP1_HUMAN,ABCC1 MRP MRP1
215,ABCD1,P33897,ABCD1_HUMAN,ABCD1 ALD
2588,GALNS,P34059,GALNS_HUMAN,GALNS
968,CD68,P34810,CD68_HUMAN,CD68
9098,USP6,P35125,UBP6_HUMAN,USP6 HRP1 TRE2
6441,SFTPD,P35247,SFTPD_HUMAN,SFTPD COLEC7 PSPD SFTP4
3425,IDUA,P35475,IDUA_HUMAN,IDUA
4627,MYH9,P35579,MYH9_HUMAN,MYH9
373,TRIM23,P36406,TRI23_HUMAN,TRIM23 ARD1 ARFD1 RNF46
529,ATP6V1E1,P36543,VATE1_HUMAN,ATP6V1E1 ATP6E ATP6E2
6622,SNCA,P37840,SYUA_HUMAN,SNCA NACP PARK1
3988,LIPA,P38571,LICH_HUMAN,LIPA
523,ATP6V1A,P38606,VATA_HUMAN,ATP6V1A ATP6A1 ATP6V1A1 VPP2
5322,PLA2G5,P39877,PA2G5_HUMAN,PLA2G5
899,CCNF,P41002,CCNF_HUMAN,CCNF FBX1 FBXO1
5584,PRKCI,P41743,KPCI_HUMAN,PRKCI DXS1179E
2475,MTOR,P42345,MTOR_HUMAN,MTOR FRAP FRAP1 FRAP2 RAFT1 RAPT1
5547,PRCP,P42785,PCP_HUMAN,PRCP PCP
27065,NSG1,P42857,NSG1_HUMAN,NSG1 D4S234 NEEP21
1519,CTSO,P43234,CATO_HUMAN,CTSO CTSO1
1513,CTSK,P43235,CATK_HUMAN,CTSK CTSO CTSO2
6850,SYK,P43405,KSYK_HUMAN,SYK
8078,USP5,P45974,UBP5_HUMAN,USP5 ISOT
1027,CDKN1B,P46527,CDN1B_HUMAN,CDKN1B KIP1 p27
4734,NEDD4,P46934,NEDD4_HUMAN,NEDD4 KIAA0093 NEDD4-1 RPF1 PIG53
356,FASLG,P48023,TNFL6_HUMAN,FASLG APT1LG1 CD95L FASL TNFSF6
5305,PIP4K2A,P48426,PI42A_HUMAN,PIP4K2A PI5P4KA PIP5K2 PIP5K2A
6556,SLC11A1,P49279,NRAM1_HUMAN,SLC11A1 LSH NRAMP NRAMP1
4891,SLC11A2,P49281,NRAM2_HUMAN,SLC11A2 DCT1 DMT1 NRAMP2 OK/SW-cl.20
408,ARRB1,P49407,ARRB1_HUMAN,ARRB1 ARR1
7319,UBE2A,P49459,UBE2A_HUMAN,UBE2A RAD6A
27072,VPS41,P49754,VPS41_HUMAN,VPS41
7249,TSC2,P49815,TSC2_HUMAN,TSC2 TSC4
1785,DNM2,P50570,DYN2_HUMAN,DNM2 DYN2
987,LRBA,P50851,LRBA_HUMAN,LRBA BGL CDC4L LBA
5538,PPT1,P50897,PPT1_HUMAN,PPT1 CLN1 PPT
7879,RAB7A,P51149,RAB7A_HUMAN,RAB7A RAB7
9367,RAB9A,P51151,RAB9A_HUMAN,RAB9A RAB9
5873,RAB27A,P51159,RB27A_HUMAN,RAB27A RAB27
6448,SGSH,P51688,SPHM_HUMAN,SGSH HSS
3784,KCNQ1,P51787,KCNQ1_HUMAN,KCNQ1 KCNA8 KCNA9 KVLQT1
1182,CLCN3,P51790,CLCN3_HUMAN,CLCN3
1183,CLCN4,P51793,CLCN4_HUMAN,CLCN4
1186,CLCN7,P51798,CLCN7_HUMAN,CLCN7
6845,VAMP7,P51809,VAMP7_HUMAN,VAMP7 SYBL1
4935,GPR143,P51810,GP143_HUMAN,GPR143 OA1
1075,CTSC,P53634,CATC_HUMAN,CTSC CPPI
11145,PLAAT3,P53816,PLAT3_HUMAN,PLAAT3 HRASLS3 HREV107 PLA2G16
4287,ATXN3,P54252,ATX3_HUMAN,ATXN3 ATX3 MJD MJD1 SCA3
9001,HAP1,P54257,HAP1_HUMAN,HAP1 HAP2 HLP1
4669,NAGLU,P54802,ANAG_HUMAN,NAGLU UFHSD1
2581,GALC,P54803,GALC_HUMAN,GALC
7415,VCP,P55072,TERA_HUMAN,VCP HEL-220 HEL-S-70
6396,SEC13,P55735,SEC13_HUMAN,SEC13 D3S1231E SEC13A SEC13L1 SEC13R
1521,CTSW,P56202,CATW_HUMAN,CTSW
8905,AP1S2,P56377,AP1S2_HUMAN,AP1S2 DC22
23621,BACE1,P56817,BACE1_HUMAN,BACE1 BACE KIAA1149
55014,STX17,P56962,STX17_HUMAN,STX17
23682,RAB38,P57729,RAB38_HUMAN,RAB38
64089,SNX16,P57768,SNX16_HUMAN,SNX16
100127206,MINAR2,P59773,MNARL_HUMAN,MINAR2 KIAA1024L
975,CD81,P60033,CD81_HUMAN,CD81 TAPA1 TSPAN28
4218,RAB8A,P61006,RAB8A_HUMAN,RAB8A MEL RAB8
10890,RAB10,P61026,RAB10_HUMAN,RAB10
7852,CXCR4,P61073,CXCR4_HUMAN,CXCR4
51552,RAB14,P61106,RAB14_HUMAN,RAB14
9114,ATP6V0D1,P61421,VA0D1_HUMAN,ATP6V0D1 ATP6D VPATPD
10577,NPC2,P61916,NPC2_HUMAN,NPC2 HE1
1174,AP1S1,P61966,AP1S1_HUMAN,AP1S1 AP19 CLAPS1
388,RHOB,P62745,RHOB_HUMAN,RHOB ARH6 ARHB
6844,VAMP2,P63027,VAMP2_HUMAN,VAMP2 SYB2
5515,PPP2CA,P67775,PP2AA_HUMAN,PPP2CA
8396,PIP4K2B,P78356,PI42B_HUMAN,PIP4K2B PIP5K2B
2647,BLOC1S1,P78537,BL1S1_HUMAN,BLOC1S1 BLOS1 GCN5L1 RT14
3125,HLA-DRB3,P79483,DRB3_HUMAN,HLA-DRB3
375,ARF1,P84077,ARF1_HUMAN,ARF1
4036,LRP2,P98164,LRP2_HUMAN,LRP2
4693,NDP,Q00604,NDP_HUMAN,NDP EVR2
1213,CLTC,Q00610,CLH1_HUMAN,CLTC CLH17 CLTCL2 KIAA0034
7073,TIAL1,Q01085,TIAR_HUMAN,TIAL1
287,ANK2,Q01484,ANK2_HUMAN,ANK2 ANKB
10410,IFITM3,Q01628,IFM3_HUMAN,IFITM3
10581,IFITM2,Q01629,IFM2_HUMAN,IFITM2
8140,SLC7A5,Q01650,LAT1_HUMAN,SLC7A5 CD98LC LAT1 MPE16
4952,OCRL,Q01968,OCRL_HUMAN,OCRL OCRL1
27163,NAAA,Q02083,NAAA_HUMAN,NAAA ASAHL PLT
5604,MAP2K1,Q02750,MP2K1_HUMAN,MAP2K1 MEK1 PRKMK1
8763,CD164,Q04900,MUC24_HUMAN,CD164
5590,PRKCZ,Q05513,KPCZ_HUMAN,PRKCZ PKC2
3831,KLC1,Q07866,KLC1_HUMAN,KLC1 KLC KNS2
10188,TNK2,Q07912,ACK1_HUMAN,TNK2 ACK1
389541,LAMTOR4,Q0VGL1,LTOR4_HUMAN,LAMTOR4 C7orf59
162,AP1B1,Q10567,AP1B1_HUMAN,AP1B1 ADTB1 BAM22 CLAPB2
9897,WASHC5,Q12768,WASC5_HUMAN,WASHC5 KIAA0196
3373,HYAL1,Q12794,HYAL1_HUMAN,HYAL1 LUCA1
3798,KIF5A,Q12840,KIF5A_HUMAN,KIF5A NKHC1
8692,HYAL2,Q12891,HYAL2_HUMAN,HYAL2 LUCA2
288,ANK3,Q12955,ANK3_HUMAN,ANK3
8131,NPRL3,Q12980,NPRL3_HUMAN,NPRL3 C16orf35 CGTHBA MARE
7375,USP4,Q13107,UBP4_HUMAN,USP4 UNP UNPH
2904,GRIN2B,Q13224,NMDE2_HUMAN,GRIN2B NMDAR2B
1118,CHIT1,Q13231,CHIT1_HUMAN,CHIT1
1201,CLN3,Q13286,CLN3_HUMAN,CLN3 BTS
8120,AP3B2,Q13367,AP3B2_HUMAN,AP3B2
4647,MYO7A,Q13402,MYO7A_HUMAN,MYO7A USH1B
4534,MTM1,Q13496,MTM1_HUMAN,MTM1 CG2
8878,SQSTM1,Q13501,SQSTM_HUMAN,SQSTM1 ORCA OSIL
427,ASAH1,Q13510,ASAH1_HUMAN,ASAH1 ASAH HSD-33 HSD33
7805,LAPTM5,Q13571,LAPM5_HUMAN,LAPTM5 KIAA0085
6642,SNX1,Q13596,SNX1_HUMAN,SNX1
8031,NCOA4,Q13772,NCOA4_HUMAN,NCOA4 ARA70 ELE1 RFG
950,SCARB2,Q14108,SCRB2_HUMAN,SCARB2 CD36L2 LIMP2 LIMPII
5137,PDE1C,Q14123,PDE1C_HUMAN,PDE1C
23650,TRIM29,Q14134,TRI29_HUMAN,TRIM29 ATDC
8448,DOC2A,Q14183,DOC2A_HUMAN,DOC2A
2318,FLNC,Q14315,FLNC_HUMAN,FLNC ABPL FLN2
8678,BECN1,Q14457,BECN1_HUMAN,BECN1 GT197
4077,NBR1,Q14596,NBR1_HUMAN,NBR1 1A13B KIAA0049 M17S2 MIG19
8720,MBTPS1,Q14703,MBTP1_HUMAN,MBTPS1 KIAA0091 S1P SKI1
54734,RAB39A,Q14964,RB39A_HUMAN,RAB39A RAB39
23516,SLC39A14,Q15043,S39AE_HUMAN,SLC39A14 KIAA0062 ZIP14
23209,MLC1,Q15049,MLC1_HUMAN,MLC1 KIAA0027 WKL1
6009,RHEB,Q15382,RHEB_HUMAN,RHEB RHEB2
23531,MMD,Q15546,PAQRB_HUMAN,MMD PAQR11
9322,TRIP10,Q15642,CIP4_HUMAN,TRIP10 CIP4 STOT STP
10203,CALCRL,Q16602,CALRL_HUMAN,CALCRL CGRPR
4818,NKG7,Q16617,NKG7_HUMAN,NKG7 GIG1
23274,CLEC16A,Q2KHT3,CL16A_HUMAN,CLEC16A KIAA0350
3127,HLA-DRB5,Q30154,DRB5_HUMAN,HLA-DRB5
123745,PLA2G4E,Q3MJ16,PA24E_HUMAN,PLA2G4E
79158,GNPTAB,Q3T906,GNPTA_HUMAN,GNPTAB GNPTA KIAA1208
203547,VMA21,Q3ZAQ7,VMA21_HUMAN,VMA21 MEAX XMEA
84861,KLHL22,Q53GT1,KLH22_HUMAN,KLHL22
124997,WDR81,Q562E7,WDR81_HUMAN,WDR81
27346,TMEM97,Q5BJF2,SGMR2_HUMAN,TMEM97 MAC30 S2R
9737,GPRASP1,Q5JY77,GASP1_HUMAN,GPRASP1 GASP KIAA0443
56270,WDR45B,Q5MNZ6,WIPI3_HUMAN,WDR45B WDR45L WIPI3
338557,FFAR4,Q5NUL3,FFAR4_HUMAN,FFAR4 GPR120 GPR129 O3FAR1 PGR4
120892,LRRK2,Q5S007,LRRK2_HUMAN,LRRK2 PARK8
134829,CLVS2,Q5SYC1,CLVS2_HUMAN,CLVS2 C6orf212 C6orf213 RLBP1L2
23334,SZT2,Q5T011,SZT2_HUMAN,SZT2 C1orf84 KIAA0467
220972,MARCHF8,Q5T0T0,MARH8_HUMAN,MARCHF8 MARCH8 MIR RNF178
23352,UBR4,Q5T4S7,UBR4_HUMAN,UBR4 KIAA0462 KIAA1307 RBAF600
55275,VPS53,Q5VIR6,VPS53_HUMAN,VPS53 PP13624
55432,YOD1,Q5VVQ6,OTU1_HUMAN,YOD1 DUBA8 HIN7 OTUD2 PRO0907
10325,RRAGB,Q5VZM2,RRAGB_HUMAN,RRAGB
55435,AP1AR,Q63HQ0,AP1AR_HUMAN,AP1AR C4orf16 PRO0971
55054,ATG16L1,Q676U5,A16L1_HUMAN,ATG16L1 APG16L UNQ9393/PRO34307
138050,HGSNAT,Q68CP4,HGNAT_HUMAN,HGSNAT TMEM76
23503,ZFYVE26,Q68DK2,ZFY26_HUMAN,ZFYVE26 KIAA0321
55004,LAMTOR1,Q6IAA8,LTOR1_HUMAN,LAMTOR1 C11orf59 PDRO PP7157
201475,RAB12,Q6IQ22,RAB12_HUMAN,RAB12
80131,LRRC8E,Q6NSJ5,LRC8E_HUMAN,LRRC8E
126321,MFSD12,Q6NUT3,MFS12_HUMAN,MFSD12 C19orf28
55652,SLC48A1,Q6P1K1,HRG1_HUMAN,SLC48A1 HRG1
55681,SCYL2,Q6P3W7,SCYL2_HUMAN,SCYL2 CVAK104 KIAA1360
79887,PLBD1,Q6P4A8,PLBL1_HUMAN,PLBD1
84750,FUT10,Q6P4F1,OFUT3_HUMAN,FUT10 POFUT3
79626,TNFAIP8L2,Q6P589,TP8L2_HUMAN,TNFAIP8L2
57707,MEAK7,Q6P9B6,MEAK7_HUMAN,MEAK7 KIAA1609 TLDC1
79726,WDR59,Q6PJI9,WDR59_HUMAN,WDR59 KIAA1923 FP977
388552,BLOC1S3,Q6QNY0,BL1S3_HUMAN,BLOC1S3 BLOS3
282991,BLOC1S2,Q6QNY1,BL1S2_HUMAN,BLOC1S2 BLOS2 CEAP
253260,RICTOR,Q6R327,RICTR_HUMAN,RICTOR KIAA1999
51374,ATRAID,Q6UW56,ARAID_HUMAN,ATRAID APR3 C2orf28 HSPC013 UNQ214/PRO240
153642,ARSK,Q6UWY0,ARSK_HUMAN,ARSK TSULF UNQ630/PRO1246
128338,DRAM2,Q6UX65,DRAM2_HUMAN,DRAM2 TMEM77 PSEC0031 UNQ154/PRO180
57535,ELAPOR1,Q6UXG2,ELAP1_HUMAN,ELAPOR1 EIG121 KIAA1324 UNQ2426/PRO4985
120103,SLC36A4,Q6YBV0,S36A4_HUMAN,SLC36A4 PAT4
54849,DEF8,Q6ZN54,DEFI8_HUMAN,DEF8
22863,ATG14,Q6ZNE5,BAKOR_HUMAN,ATG14 ATG14L KIAA0831
285180,RUFY4,Q6ZNE9,RUFY4_HUMAN,RUFY4
54896,SLC66A1,Q6ZP29,LAAT1_HUMAN,SLC66A1 PQLC2
146691,TOM1L2,Q6ZVM7,TM1L2_HUMAN,TOM1L2
54832,VPS13C,Q709C8,VP13C_HUMAN,VPS13C KIAA1421
201294,UNC13D,Q70J99,UN13D_HUMAN,UNC13D
22902,RUFY3,Q7L099,RUFY3_HUMAN,RUFY3 KIAA0871
10670,RRAGA,Q7L523,RRAGA_HUMAN,RRAGA
57132,CHMP1B,Q7LBR1,CHM1B_HUMAN,CHMP1B C18orf2
206358,SLC36A1,Q7Z2H8,S36A1_HUMAN,SLC36A1 PAT1
56829,ZC3HAV1,Q7Z2W4,ZCCHV_HUMAN,ZC3HAV1 ZC3HDC2 PRO1677
151556,GPR155,Q7Z3F1,LYCHS_HUMAN,GPR155 PGR22
283537,SLC46A3,Q7Z3Q1,S46A3_HUMAN,SLC46A3 FKSG16
9765,ZFYVE16,Q7Z3T8,ZFY16_HUMAN,ZFYVE16 KIAA0305
57506,MAVS,Q7Z434,MAVS_HUMAN,MAVS IPS1 KIAA1271 VISA
55297,CCDC91,Q7Z6B0,CCD91_HUMAN,CCDC91 GGABP HSD8
25851,TECPR1,Q7Z6L1,TCPR1_HUMAN,TECPR1 KIAA1358
157680,VPS13B,Q7Z7G8,VP13B_HUMAN,VPS13B CHS1 COH1 KIAA0532
90809,PIP4P1,Q86T03,PP4P1_HUMAN,PIP4P1 C14orf9 TMEM55B
115123,MARCHF3,Q86UD3,MARH3_HUMAN,MARCHF3 MARCH3 RNF173
55353,LAPTM4B,Q86VI4,LAP4B_HUMAN,LAPTM4B PSEC0001
51028,VPS36,Q86VN1,VPS36_HUMAN,VPS36 C13orf9 EAP45 CGI-145
84376,HOOK3,Q86VS8,HOOK3_HUMAN,HOOK3
284129,SLC26A11,Q86WA9,S2611_HUMAN,SLC26A11
28962,OSTM1,Q86WC4,OSTM1_HUMAN,OSTM1 GL HSPC019 UNQ6098/PRO21201
81846,SBF2,Q86WG5,MTMRD_HUMAN,SBF2 CMT4B2 KIAA1766 MTMR13
340061,STING1,Q86WV6,STING_HUMAN,STING1 ERIS MITA STING TMEM173
84866,TMEM25,Q86YD3,TMM25_HUMAN,TMEM25 UNQ2531/PRO6030
92979,MARCHF9,Q86YJ5,MARH9_HUMAN,MARCHF9 MARCH9 RNF179
79803,HPS6,Q86YV9,HPS6_HUMAN,HPS6
10462,CLEC10A,Q8IUN9,CLC10_HUMAN,CLEC10A CLECSF13 CLECSF14 HML
157807,CLVS1,Q8IUQ0,CLVS1_HUMAN,CLVS1 CRALBPL RLBP1L1
23646,PLD3,Q8IV08,PLD3_HUMAN,PLD3
23207,PLEKHM2,Q8IWE5,PKHM2_HUMAN,PLEKHM2 KIAA0842 SKIP
9648,GCC2,Q8IWJ2,GCC2_HUMAN,GCC2 KIAA0336 RANBP2L4
56262,LRRC8A,Q8IWT6,LRC8A_HUMAN,LRRC8A KIAA1437 LRRC8 SWELL1 UNQ221/PRO247
55293,UEVLD,Q8IX04,UEVLD_HUMAN,UEVLD UEV3
22933,SIRT2,Q8IXJ6,SIR2_HUMAN,SIRT2 SIR2L SIR2L2
51296,SLC15A3,Q8IY34,S15A3_HUMAN,SLC15A3 OCTP PHT2 PTR3
201931,TMEM192,Q8IY95,TM192_HUMAN,TMEM192
8477,GPR65,Q8IYL9,PSYR_HUMAN,GPR65 TDAG8
255231,MCOLN2,Q8IZK6,MCLN2_HUMAN,MCOLN2
84951,TNS4,Q8IZW8,TENS4_HUMAN,TNS4 CTEN PP14434
57521,RPTOR,Q8N122,RPTOR_HUMAN,RPTOR KIAA1303 RAPTOR
54978,SLC35F6,Q8N357,S35F6_HUMAN,SLC35F6 C2orf18 UNQ3047/PRO9863
55529,PIP4P2,Q8N4L2,PP4P2_HUMAN,PIP4P2 TMEM55A
147007,TMEM199,Q8N511,TM199_HUMAN,TMEM199 C17orf32
55686,MREG,Q8N565,MREG_HUMAN,MREG DSU HDCGA21P
257397,TAB3,Q8N5C8,TAB3_HUMAN,TAB3 MAP3K7IP3
84067,FHIP1B,Q8N612,FHI1B_HUMAN,FHIP1B C11orf56 FAM160A2 KIAA1759
55332,DRAM1,Q8N682,DRAM1_HUMAN,DRAM1 DRAM
121260,SLC15A4,Q8N697,S15A4_HUMAN,SLC15A4 PHT1 PTR4 FP12591
26175,LYSET,Q8N6I4,LYSET_HUMAN,LYSET C14orf109 TMEM251
220441,RNF152,Q8N8N0,RN152_HUMAN,RNF152
220002,CYB561A3,Q8NBI2,CYAC3_HUMAN,CYB561A3 CYBASC3 PSEC0259
51092,SIDT2,Q8NBJ9,SIDT2_HUMAN,SIDT2 CGI-40 PSEC0072 UNQ685/PRO1325
255738,PCSK9,Q8NBP7,PCSK9_HUMAN,PCSK9 NARC1 PSEC0052
81567,TXNDC5,Q8NBS9,TXND5_HUMAN,TXNDC5 TLP46 UNQ364/PRO700
153129,SLC38A9,Q8NBW4,S38A9_HUMAN,SLC38A9 URLC11
25940,FAM98A,Q8NCA5,FA98A_HUMAN,FAM98A
23659,PLA2G15,Q8NCC3,PAG15_HUMAN,PLA2G15 LYPLA3 UNQ341/PRO540
84255,SLC37A3,Q8NCC5,SPX3_HUMAN,SLC37A3 SPX3
84937,ZNRF1,Q8ND25,ZNRF1_HUMAN,ZNRF1 NIN283
5289,PIK3C3,Q8NEB9,PK3C3_HUMAN,PIK3C3 VPS34
162514,TRPV3,Q8NET8,TRPV3_HUMAN,TRPV3
201163,FLCN,Q8NFG4,FLCN_HUMAN,FLCN BHD
258010,SVIP,Q8NHG7,SVIP_HUMAN,SVIP
223082,ZNRF2,Q8NHG8,ZNRF2_HUMAN,ZNRF2 RNF202
196463,PLBD2,Q8NHP8,PLBL2_HUMAN,PLBD2
256471,MFSD8,Q8NHS3,MFSD8_HUMAN,MFSD8 CLN7
219931,TPCN2,Q8NHX9,TPC2_HUMAN,TPCN2 TPC2
57599,WDR48,Q8TAF3,WDR48_HUMAN,WDR48 KIAA1449 UAF1
64798,DEPTOR,Q8TB45,DPTOR_HUMAN,DEPTOR DEPDC6
57709,SLC7A14,Q8TBB6,S7A14_HUMAN,SLC7A14 KIAA1613
92799,SHKBP1,Q8TBC3,SHKB1_HUMAN,SHKBP1 SB1 PP203
81615,TMEM163,Q8TC26,TM163_HUMAN,TMEM163
132671,SPATA18,Q8TC71,MIEAP_HUMAN,SPATA18 MIEAP
55016,MARCHF1,Q8TCQ1,MARH1_HUMAN,MARCHF1 MARCH1 RNF171
56928,SPPL2B,Q8TCT7,SPP2B_HUMAN,SPPL2B IMP4 KIAA1532 PSL1
84888,SPPL2A,Q8TCT8,SPP2A_HUMAN,SPPL2A IMP3 PSL2 PSEC0147
151636,DTX3L,Q8TDB6,DTX3L_HUMAN,DTX3L BBAP
55283,MCOLN3,Q8TDD5,MCLN3_HUMAN,MCOLN3
63915,BLOC1S5,Q8TDH9,BL1S5_HUMAN,BLOC1S5 MUTED
9821,RB1CC1,Q8TDY2,RBCC1_HUMAN,RB1CC1 KIAA0203 RBICC
79589,RNF128,Q8TEB7,RN128_HUMAN,RNF128
140775,SMCR8,Q8TEV9,SMCR8_HUMAN,SMCR8
96459,FNIP1,Q8TF40,FNIP1_HUMAN,FNIP1 KIAA1961
949,SCARB1,Q8WTV0,SCRB1_HUMAN,SCARB1 CD36L1 CLA1
10641,NPRL2,Q8WTW4,NPRL2_HUMAN,NPRL2 TUSC4
9392,TGFBRAP1,Q8WUH2,TGFA1_HUMAN,TGFBRAP1
91782,CHMP7,Q8WUX9,CHMP7_HUMAN,CHMP7
112770,GLMP,Q8WWB7,GLMP_HUMAN,GLMP C1orf85 PSEC0030 UNQ2553/PRO6182
129807,NEU4,Q8WWR8,NEUR4_HUMAN,NEU4 LP5125
23461,ABCA5,Q8WWZ7,ABCA5_HUMAN,ABCA5 KIAA1888
126298,IRGQ,Q8WZA9,IRGQ_HUMAN,IRGQ IRGQ1 FKSG27
7248,TSC1,Q92574,TSC1_HUMAN,TSC1 KIAA0243 TSC
9711,RUBCN,Q92622,RUBIC_HUMAN,RUBCN KIAA0226
6653,SORL1,Q92673,SORL_HUMAN,SORL1 C11orf32
3037,HAS2,Q92819,HYAS2_HUMAN,HAS2
8836,GGH,Q92820,GGH_HUMAN,GGH
3257,HPS1,Q92902,HPS1_HUMAN,HPS1 HPS
6578,SLCO2A1,Q92959,SO2A1_HUMAN,SLCO2A1 OATP2A1 SLC21A2
6039,RNASE6,Q93091,RNAS6_HUMAN,RNASE6 RNS6
84343,HPS3,Q969F9,HPS3_HUMAN,HPS3
118426,BORCS5,Q969J3,BORC5_HUMAN,BORCS5 LOH12CR1
55846,ITFG2,Q969R8,ITFG2_HUMAN,ITFG2
94107,TMEM203,Q969S6,TM203_HUMAN,TMEM203
83933,HDAC10,Q969S8,HDA10_HUMAN,HDAC10
64114,TMBIM1,Q969X1,LFG3_HUMAN,TMBIM1 LFG3 RECS1 PP1201 PSEC0158
338382,RAB7B,Q96AH8,RAB7B_HUMAN,RAB7B
81552,VOPP1,Q96AW1,VOPP1_HUMAN,VOPP1 ECOP GASP
65082,VPS33A,Q96AX1,VP33A_HUMAN,VPS33A
120224,TMEM45B,Q96B21,TM45B_HUMAN,TMEM45B
57561,ARRDC3,Q96B67,ARRD3_HUMAN,ARRDC3 KIAA1376
127829,ARL8A,Q96BM9,ARL8A_HUMAN,ARL8A ARL10B GIE2
122618,PLD4,Q96BZ4,PLD4_HUMAN,PLD4 C14orf175 UNQ2488/PRO5775
94121,SYTL4,Q96C24,SYTL4_HUMAN,SYTL4
92421,CHMP4C,Q96CF2,CHM4C_HUMAN,CHMP4C SHAX3
1173,AP2M1,Q96CW1,AP2M1_HUMAN,AP2M1 CLAPM1 KIAA0109
219738,FAM241B,Q96D05,F241B_HUMAN,FAM241B C10orf35
138065,RNF183,Q96D59,RN183_HUMAN,RNF183
29919,RMC1,Q96DM3,RMC1_HUMAN,RMC1 C18orf8 MIC1 WDR98
116211,TM4SF19,Q96DZ7,T4S19_HUMAN,TM4SF19 OCTM4
29911,HOOK2,Q96ED9,HOOK2_HUMAN,HOOK2
81929,SEH1L,Q96EE3,SEH1_HUMAN,SEH1L SEC13L SEH1
22901,ARSG,Q96EG1,ARSG_HUMAN,ARSG KIAA1001 UNQ839/PRO1777
84062,DTNBP1,Q96EV8,DTBP1_HUMAN,DTNBP1 BLOC1S8 My031
93343,MVB12A,Q96EY5,MB12A_HUMAN,MVB12A CFBP FAM125A
55340,GIMAP5,Q96F15,GIMA5_HUMAN,GIMAP5 IAN4L1 IAN5 IMAP3
729991,BORCS8,Q96FH0,BORC8_HUMAN,BORCS8 MEF2BNB
79643,CHMP6,Q96FZ7,CHMP6_HUMAN,CHMP6 VPS20
54785,BORCS6,Q96GS4,BORC6_HUMAN,BORCS6 C17orf59
11267,SNF8,Q96H20,SNF8_HUMAN,SNF8 EAP30
23339,VPS39,Q96JC1,VPS39_HUMAN,VPS39 KIAA0770 TLP VAM6
4135,MAP6,Q96JE9,MAP6_HUMAN,MAP6 KIAA1878
80208,SPG11,Q96JI7,SPTCS_HUMAN,SPG11 KIAA1840
81609,SNX27,Q96L92,SNX27_HUMAN,SNX27 KIAA0488 My014
203228,C9orf72,Q96LT7,CI072_HUMAN,C9orf72 DENND9 DENNL72
144577,KICS2,Q96MD2,KICS2_HUMAN,KICS2 C12orf66
56834,GPR137,Q96N19,G137A_HUMAN,GPR137 C11orf4 GPR137A TM7SF1L1
83547,RILP,Q96NA2,RILP_HUMAN,RILP PP10141
84317,CCDC115,Q96NT0,CC115_HUMAN,CCDC115
84079,ANKRD27,Q96NW4,ANR27_HUMAN,ANKRD27 PP12899
130340,AP1S3,Q96PC3,AP1S3_HUMAN,AP1S3
23049,SMG1,Q96Q15,SMG1_HUMAN,SMG1 ATX KIAA0421 LIP
55737,VPS35,Q96QK1,VPS35_HUMAN,VPS35 MEM3 TCCCTA00141
23230,VPS13A,Q96RL7,VP13A_HUMAN,VPS13A CHAC KIAA0986
259307,IL4I1,Q96RQ9,OXLA_HUMAN,IL4I1 FIG1 UNQ636/PRO1265
23048,FNBP1,Q96RU3,FNBP1_HUMAN,FNBP1 FBP17 KIAA0554
84219,WDR24,Q96S15,WDR24_HUMAN,WDR24 C16orf21 JFP7
26750,RPS6KC1,Q96S38,KS6C1_HUMAN,RPS6KC1 RPK118
79156,PLEKHF1,Q96S99,PKHF1_HUMAN,PLEKHF1 APPD LAPF ZFYVE15
84925,SLC49A4,Q96SL1,DIRC2_HUMAN,SLC49A4 DIRC2
533,ATP6V0B,Q99437,VATO_HUMAN,ATP6V0B ATP6F
4758,NEU1,Q99519,NEUR1_HUMAN,NEU1 NANH
6272,SORT1,Q99523,SORT_HUMAN,SORT1
2852,GPER1,Q99527,GPER1_HUMAN,GPER1 CEPR CMKRL2 DRY12 GPER GPR30
5641,LGMN,Q99538,LGMN_HUMAN,LGMN PRSC1
30849,PIK3R4,Q99570,PI3R4_HUMAN,PIK3R4 VPS15
5025,P2RX4,Q99571,P2RX4_HUMAN,P2RX4
1045,CDX2,Q99626,CDX2_HUMAN,CDX2 CDX3
1130,LYST,Q99698,LYST_HUMAN,LYST CHS CHS1
7781,SLC30A3,Q99726,ZNT3_HUMAN,SLC30A3 ZNT3
9516,LITAF,Q99732,LITAF_HUMAN,LITAF PIG7 SIMPLE
21,ABCA3,Q99758,ABCA3_HUMAN,ABCA3 ABC3
7251,TSG101,Q99816,TS101_HUMAN,TSG101
3276,PRMT1,Q99873,ANM1_HUMAN,PRMT1 HMT2 HRMT1L2 IR1B4
6456,SH3GL2,Q99962,SH3G2_HUMAN,SH3GL2 CNSA2 SH3D2A
79109,MAPKAP1,Q9BPZ7,SIN1_HUMAN,MAPKAP1 MIP1 SIN1
79036,KXD1,Q9BQD3,KXDL1_HUMAN,KXD1 C19orf50
79443,FYCO1,Q9BQS8,FYCO1_HUMAN,FYCO1 ZFYVE7
55861,DBNDD2,Q9BQY9,DBND2_HUMAN,DBNDD2 C20orf35
84313,VPS25,Q9BRG1,VPS25_HUMAN,VPS25 DERP9 EAP20
7780,SLC30A2,Q9BRI3,ZNT2_HUMAN,SLC30A2 ZNT2
80317,ZKSCAN3,Q9BRR0,ZKSC3_HUMAN,ZKSCAN3 ZFP47 ZNF306 ZNF309 ZSCAN13
84292,WDR83,Q9BRX9,WDR83_HUMAN,WDR83 MORG1
84286,TMEM175,Q9BSA9,TM175_HUMAN,TMEM175
84283,TMEM79,Q9BSE2,TMM79_HUMAN,TMEM79 MATT
23208,SYT11,Q9BT88,SYT11_HUMAN,SYT11 KIAA0080
2519,FUCA2,Q9BTY2,FUCO2_HUMAN,FUCA2 PSEC0151 UNQ227/PRO260
57406,ABHD6,Q9BV23,ABHD6_HUMAN,ABHD6
8673,VAMP8,Q9BV40,VAMP8_HUMAN,VAMP8
64223,MLST8,Q9BVC4,LST8_HUMAN,MLST8 GBL LST8
79022,TMEM106C,Q9BVX2,T106C_HUMAN,TMEM106C EMOC
66005,CHID1,Q9BWS9,CHID1_HUMAN,CHID1 GL008 PSEC0104 SB139
65018,PINK1,Q9BXM7,PINK1_HUMAN,PINK1
56996,SLC12A9,Q9BXP2,S12A9_HUMAN,SLC12A9 CCC6 CIP1
9528,TMEM59,Q9BXS4,TMM59_HUMAN,TMEM59 C1orf8 HSPC001 UNQ169/PRO195
8907,AP1M1,Q9BXS5,AP1M1_HUMAN,AP1M1 CLTNM
29082,CHMP4A,Q9BY43,CHM4A_HUMAN,CHMP4A C14orf123 SHAX2 CDA04 HSPC134
63910,SLC17A9,Q9BYT1,S17A9_HUMAN,SLC17A9 C20orf59
20,ABCA2,Q9BZC7,ABCA2_HUMAN,ABCA2 ABC2 KIAA1062
55315,SLC29A3,Q9BZD2,S29A3_HUMAN,SLC29A3 ENT3 UNQ717/PRO1380
83871,RAB34,Q9BZG1,RAB34_HUMAN,RAB34 RAB39 RAH
93650,ACP4,Q9BZG2,PPAT_HUMAN,ACP4 ACPT
80700,UBXN6,Q9BZV1,UBXN6_HUMAN,UBXN6 UBXD1 UBXDC2
64116,SLC39A8,Q9C0K1,S39A8_HUMAN,SLC39A8 BIGM103 ZIP8 PP3105
64129,TINAGL1,Q9GZM7,TINAL_HUMAN,TINAGL1 GIS5 LCN7 OLRG2 TINAGL PP6614 PSEC0088 UNQ204/PRO230
81565,NDEL1,Q9GZM8,NDEL1_HUMAN,NDEL1 EOPA MITAP1 NUDEL
57192,MCOLN1,Q9GZU1,MCLN1_HUMAN,MCOLN1 ML4 TRPML1 MSTP080
64837,KLC2,Q9H0B6,KLC2_HUMAN,KLC2
55745,AP5M1,Q9H0R1,AP5M1_HUMAN,AP5M1 C14orf108 MUDENG
81622,UNC93B1,Q9H1C4,UN93B_HUMAN,UNC93B1 UNC93 UNC93B
63971,KIF13A,Q9H1H9,KI13A_HUMAN,KIF13A RBKIN
64145,RBSN,Q9H1K0,RBNS5_HUMAN,RBSN ZFYVE20
26276,VPS33B,Q9H267,VP33B_HUMAN,VPS33B
64601,VPS16,Q9H269,VPS16_HUMAN,VPS16
55823,VPS11,Q9H270,VPS11_HUMAN,VPS11 RNF108 PP3476
83985,SPNS1,Q9H2V7,SPNS1_HUMAN,SPNS1 SPIN1 PP20300
29965,CDIP1,Q9H305,CDIP1_HUMAN,CDIP1 C16orf5 CDIP LITAFL
64747,MFSD1,Q9H3U5,MFSD1_HUMAN,MFSD1 SMAP4 UG0581B09
128866,CHMP4B,Q9H444,CHM4B_HUMAN,CHMP4B C20orf178 SHAX1
10193,RNF41,Q9H4P4,RNF41_HUMAN,RNF41 FLRF NRDP1 SBBI03
26001,RNF167,Q9H6Y7,RN167_HUMAN,RNF167 RING105 LP2254
80183,RUBCNL,Q9H714,PACER_HUMAN,RUBCNL C13orf18 KIAA0226L
84141,EVA1A,Q9H8M9,EVA1A_HUMAN,EVA1A FAM176A TMEM166 SP24
64400,AKTIP,Q9H8T0,AKTIP_HUMAN,AKTIP FTS
79666,PLEKHF2,Q9H8W4,PKHF2_HUMAN,PLEKHF2 ZFYVE18
64844,MARCHF7,Q9H992,MARH7_HUMAN,MARCHF7 AXOT MARCH7 RNF177
63894,VIPAS39,Q9H9C1,SPE39_HUMAN,VIPAS39 C14orf133 SPE39 VIPAR
55255,WDR41,Q9HAD4,WDR41_HUMAN,WDR41 MSTP048
80231,TASL,Q9HAI6,TASL_HUMAN,TASL CXorf21
54414,SIAE,Q9HAT2,SIAE_HUMAN,SIAE YSG2
64121,RRAGC,Q9HB90,RRAGC_HUMAN,RRAGC
57724,EPG5,Q9HCE0,EPG5_HUMAN,EPG5 KIAA1632
58986,PGAP6,Q9HCN3,PGAP6_HUMAN,PGAP6 TMEM6 TMEM8 TMEM8A
5119,CHMP1A,Q9HD42,CHM1A_HUMAN,CHMP1A CHMP1 KIAA0047 PCOLN3 PRSM1
57110,PLAAT1,Q9HDD0,PLAT1_HUMAN,PLAAT1 HRASLS
10058,ABCB6,Q9NP58,ABCB6_HUMAN,ABCB6 MTABC3 PRP UMAT
23457,ABCB9,Q9NP78,ABCB9_HUMAN,ABCB9 KIAA1520
51209,RAB9B,Q9NP90,RAB9B_HUMAN,RAB9B RAB9L
23400,ATP13A2,Q9NQ11,AT132_HUMAN,ATP13A2 PARK9
56674,TMEM9B,Q9NQ34,TMM9B_HUMAN,TMEM9B C11orf15 UNQ712/PRO1375
57142,RTN4,Q9NQC3,RTN4_HUMAN,RTN4 KIAA0886 NOGO My043 SP1507
89781,HPS4,Q9NQG7,HPS4_HUMAN,HPS4 KIAA1667
58528,RRAGD,Q9NQL2,RRAGD_HUMAN,RRAGD
81618,ITM2C,Q9NQX7,ITM2C_HUMAN,ITM2C BRI3 hucep-14 NPD018 PSEC0047
56681,SAR1A,Q9NR31,SAR1A_HUMAN,SAR1A SAR1 SARA SARA1
54106,TLR9,Q9NR96,TLR9_HUMAN,TLR9 UNQ5798/PRO19605
56848,SPHK2,Q9NRA0,SPHK2_HUMAN,SPHK2 SK2
26503,SLC17A5,Q9NRA2,S17A5_HUMAN,SLC17A5
56893,UBQLN4,Q9NRR5,UBQL4_HUMAN,UBQLN4 C1orf6 CIP75 UBIN
11311,VPS45,Q9NRW7,VPS45_HUMAN,VPS45 VPS45A VPS45B
11277,TREX1,Q9NSU2,TREX1_HUMAN,TREX1
81624,DIAPH3,Q9NSV4,DIAP3_HUMAN,DIAPH3 DIAP3
64422,ATG3,Q9NT62,ATG3_HUMAN,ATG3 APG3 APG3L
55337,SHFL,Q9NUL5,SHFL_HUMAN,SHFL C19orf66 FLJ11286 IRAV RYDEN SFL
54664,TMEM106B,Q9NUM4,T106B_HUMAN,TMEM106B
55788,LMBRD1,Q9NUN5,LMBD1_HUMAN,LMBRD1 C6orf209 NESI BM-021 CD001 MSTP044
55317,AP5S1,Q9NUS5,AP5S1_HUMAN,AP5S1 C20orf29
55238,SLC38A7,Q9NVC3,S38A7_HUMAN,SLC38A7 SNAT7
55207,ARL8B,Q9NVJ2,ARL8B_HUMAN,ARL8B ARL10C GIE1
54476,RNF216,Q9NWF9,RN216_HUMAN,RNF216 TRIAD3 UBCE7IP1 ZIN
54982,CLN6,Q9NWW5,CLN6_HUMAN,CLN6
54940,OCIAD1,Q9NX40,OCAD1_HUMAN,OCIAD1 ASRIJ OCIA
55647,RAB20,Q9NX57,RAB20_HUMAN,RAB20
54468,MIOS,Q9NXC5,MIOS_HUMAN,MIOS
8877,SPHK1,Q9NYA1,SPHK1_HUMAN,SPHK1 SK1 SPHK SPK
51339,DACT1,Q9NYF0,DACT1_HUMAN,DACT1 DPR1 HNG3
23118,TAB2,Q9NYJ8,TAB2_HUMAN,TAB2 KIAA0733 MAP3K7IP2
51284,TLR7,Q9NYK1,TLR7_HUMAN,TLR7 UNQ248/PRO285
23163,GGA3,Q9NZ52,GGA3_HUMAN,GGA3 KIAA0154
51741,WWOX,Q9NZC7,WWOX_HUMAN,WWOX FOR SDR41C1 WOX1
30845,EHD3,Q9NZN3,EHD3_HUMAN,EHD3 EHD2 PAST3
51510,CHMP5,Q9NZZ3,CHMP5_HUMAN,CHMP5 C9orf83 SNF7DC2 CGI-34 HSPC177 PNAS-114 PNAS-2
56888,KCMF1,Q9P0J7,KCMF1_HUMAN,KCMF1 FIGC ZZZ1
51257,MARCHF2,Q9P0N8,MARH2_HUMAN,MARCHF2 MARCH2 RNF172 HSPC240
51256,TBC1D7,Q9P0N9,TBCD7_HUMAN,TBC1D7 TBC7 HSPC239
252839,TMEM9,Q9P0T7,TMEM9_HUMAN,TMEM9 DERP4 TMEM9A HSPC186 PSEC0012 UNQ631/PRO1248
23677,SH3BP4,Q9P0V3,SH3B4_HUMAN,SH3BP4 BOG25 EHB10 TTP
51542,VPS54,Q9P1Q0,VPS54_HUMAN,VPS54 HCC8
57617,VPS18,Q9P253,VPS18_HUMAN,VPS18 KIAA1475
57600,FNIP2,Q9P278,FNIP2_HUMAN,FNIP2 FNIPL KIAA1450 MAPO1
51520,LARS1,Q9P2J5,SYLC_HUMAN,LARS1 KIAA1352 LARS
51479,ANKFY1,Q9P2R3,ANFY1_HUMAN,ANKFY1 ANKHZN KIAA1255
7405,UVRAG,Q9P2Y5,UVRAG_HUMAN,UVRAG
5298,PI4KB,Q9UBF8,PI4KB_HUMAN,PI4KB PIK4CB
10013,HDAC6,Q9UBN7,HDAC6_HUMAN,HDAC6 KIAA0901 JM21
1522,CTSZ,Q9UBR2,CATZ_HUMAN,CTSZ
8722,CTSF,Q9UBX1,CATF_HUMAN,CTSF
2055,CLN8,Q9UBY8,CLN8_HUMAN,CLN8 C8orf61
10490,VTI1B,Q9UEU0,VTI1B_HUMAN,VTI1B VTI1 VTI1L VTI1L1 VTI2
11182,SLC2A6,Q9UGQ3,GTR6_HUMAN,SLC2A6 GLUT6
10042,HMGXB4,Q9UGU5,HMGX4_HUMAN,HMGXB4 HMG2L1 HMGBCG
8649,LAMTOR3,Q9UHA4,LTOR3_HUMAN,LAMTOR3 MAP2K1IP1 MAPKSP1 PRO2783
29978,UBQLN2,Q9UHD9,UBQL2_HUMAN,UBQLN2 N4BP4 PLIC2 HRIHFB2157
51449,PCYOX1,Q9UHG3,PCYOX_HUMAN,PCYOX1 KIAA0908 PCL1 UNQ597/PRO1183
29952,DPP7,Q9UHL4,DPP2_HUMAN,DPP7 DPP2 QPP
51606,ATP6V1H,Q9UI12,VATH_HUMAN,ATP6V1H CGI-11
738,VPS51,Q9UID3,VPS51_HUMAN,VPS51 ANG2 C11orf2 C11orf3 FFR PP5382
51361,HOOK1,Q9UJC3,HOOK1_HUMAN,HOOK1
84572,GNPTG,Q9UJJ9,GNPTG_HUMAN,GNPTG C16orf27 GNPTAG CAB56184 LP2537
24141,LAMP5,Q9UJQ1,LAMP5_HUMAN,LAMP5 C20orf103
27283,TINAG,Q9UJW2,TINAG_HUMAN,TINAG
23062,GGA2,Q9UJY4,GGA2_HUMAN,GGA2 KIAA1080
26088,GGA1,Q9UJY5,GGA1_HUMAN,GGA1
51172,NAGPA,Q9UK23,NAGPA_HUMAN,NAGPA
23011,RAB21,Q9UL25,RAB21_HUMAN,RAB21 KIAA0118
26258,BLOC1S6,Q9UL45,BL1S6_HUMAN,BLOC1S6 PA PLDN
53373,TPCN1,Q9ULQ1,TPC1_HUMAN,TPCN1 KIAA1169 TPC1
54749,EPDR1,Q9UM22,EPDR1_HUMAN,EPDR1 MERP1 UCC1
4646,MYO6,Q9UM54,MYO6_HUMAN,MYO6 KIAA0389
9374,PPT2,Q9UMR5,PPT2_HUMAN,PPT2
29979,UBQLN1,Q9UMX0,UBQL1_HUMAN,UBQLN1 DA41 PLIC1
27183,VPS4A,Q9UN37,VPS4A_HUMAN,VPS4A VPS4
58533,SNX6,Q9UNH7,SNX6_HUMAN,SNX6
9429,ABCG2,Q9UNQ0,ABCG2_HUMAN,ABCG2 ABCP BCRP BCRP1 MXR
23431,AP4E1,Q9UPM8,AP4E1_HUMAN,AP4E1
22906,TRAK1,Q9UPV9,TRAK1_HUMAN,TRAK1 KIAA1042 OIP106
11234,HPS5,Q9UPZ3,HPS5_HUMAN,HPS5 AIBP63 KIAA1017
10825,NEU3,Q9UQ49,NEUR3_HUMAN,NEU3
25978,CHMP2B,Q9UQN3,CHM2B_HUMAN,CHMP2B CGI-84
27074,LAMP3,Q9UQV4,LAMP3_HUMAN,LAMP3 DCLAMP TSC403
9583,ENTPD4,Q9Y227,ENTP4_HUMAN,ENTPD4 KIAA0392 LALP70 LYSAL1
80342,TRAF3IP3,Q9Y228,T3JAM_HUMAN,TRAF3IP3 T3JAM
10855,HPSE,Q9Y251,HPSE_HUMAN,HPSE HEP HPA HPA1 HPR1 HPSE1 HSE1
9424,KCNK6,Q9Y257,KCNK6_HUMAN,KCNK6 TOSS TWIK2
23324,MAN2B2,Q9Y2E5,MA2B2_HUMAN,MAN2B2 KIAA0935
200576,PIKFYVE,Q9Y2I7,FYV1_HUMAN,PIKFYVE KIAA0981 PIP5K3
28956,LAMTOR2,Q9Y2Q5,LTOR2_HUMAN,LAMTOR2 MAPBPIP ROBLD3 HSPC003
26985,AP3M1,Q9Y2T2,AP3M1_HUMAN,AP3M1
51617,NSG2,Q9Y328,NSG2_HUMAN,NSG2 CALY3
100526767;51652,CHMP3,Q9Y3E7,CHMP3_HUMAN,CHMP3 CGI149 NEDF VPS24 CGI-149
4759,NEU2,Q9Y3R4,NEUR2_HUMAN,NEU2
9842,PLEKHM1,Q9Y4G2,PKHM1_HUMAN,PLEKHM1 KIAA0356
27246,RNF115,Q9Y4L5,RN115_HUMAN,RNF115 ZNF364
25974,MMACHC,Q9Y4U1,MMAC_HUMAN,MMACHC
51127,TRIM17,Q9Y577,TRI17_HUMAN,TRIM17 RBCC RNF16 TERF
11154,AP4S1,Q9Y587,AP4S1_HUMAN,AP4S1
57231,SNX14,Q9Y5W7,SNX14_HUMAN,SNX14
29916,SNX11,Q9Y5W9,SNX11_HUMAN,SNX11
10404,CPQ,Q9Y646,CBPQ_HUMAN,CPQ LCH1 PGCP
11133,KPTN,Q9Y664,KPTN_HUMAN,KPTN
51128,SAR1B,Q9Y6B6,SAR1B_HUMAN,SAR1B SARA2 SARB
10717,AP4B1,Q9Y6B7,AP4B1_HUMAN,AP4B1
9992,KCNE2,Q9Y6J6,KCNE2_HUMAN,KCNE2
10053,AP1M2,Q9Y6Q5,AP1M2_HUMAN,AP1M2
158376,SPAAR,A0A1B0GVQ0,SPAR_HUMAN,SPAAR LINC00961 SPAR
22898,DENND3,A2RUS2,DEND3_HUMAN,DENND3 KIAA0870
222223,ELAPOR2,A8MWY0,ELAP2_HUMAN,ELAPOR2 EIG121L KIAA1324L
441027,TMEM150C,B9EJG8,T150C_HUMAN,TMEM150C TTN3
10548,TM9SF1,O15321,TM9S1_HUMAN,TM9SF1
414,ARSD,P51689,ARSD_HUMAN,ARSD
221960;51622,CCZ1,P86791,CCZ1_HUMAN,CCZ1 C7orf28A CGI-43
1486,CTBS,Q01459,DIAC_HUMAN,CTBS CTB
768239,PSAPL1,Q6NUJ1,SAPL1_HUMAN,PSAPL1
58511,DNASE2B,Q8WZ79,DNS2B_HUMAN,DNASE2B DLAD
119032,BORCS7,Q96B45,BORC7_HUMAN,BORCS7 C10orf32
157753,TMEM74,Q96NL1,TMM74_HUMAN,TMEM74
54504,CPVL,Q9H3G5,CPVL_HUMAN,CPVL VLP PSEC0124 UNQ197/PRO223
10279,PRSS16,Q9NQE7,TSSP_HUMAN,PRSS16 TSSP
55330,BLOC1S4,Q9NUP1,BL1S4_HUMAN,BLOC1S4 CNO
54847,SIDT1,Q9NXL6,SIDT1_HUMAN,SIDT1
56112,PCDHGA3,Q9Y5H0,PCDG3_HUMAN,PCDHGA3
221960,CCZ1B,P86790,CCZ1B_HUMAN,CCZ1B C7orf28B
132299,OCIAD2,Q56VL3,OCAD2_HUMAN,OCIAD2
203197,TMEM268,Q5VZI3,TM268_HUMAN,TMEM268 C9orf91
283554,GPR137C,Q8N3F9,G137C_HUMAN,GPR137C TM7SF1L2
53346,TM6SF1,Q9BZW5,TM6S1_HUMAN,TM6SF1
